DATA;KOD;KODROZ;KVK;KRK;KTFK;KEKV;KKD;KKF;KKFN;MONTH;SUMM;NOTE
01.01.2013;2;M5;0;0;0;0;24030000;0;1;0;12515800;
01.01.2013;2;M6;0;0;0;0;24030000;0;1;0;3009600;
01.01.2013;2;M12;0;0;0;0;24030000;0;1;0;2068100;
01.01.2013;12;M5;0;0;0;0;24030000;0;1;5;1664000;
01.01.2013;12;M6;0;0;0;0;24030000;0;1;6;3285400;
01.01.2013;12;M12;0;0;0;0;24030000;0;1;12;2353100;
01.01.2013;2;M1;0;0;0;0;22090400;0;1;0;2963300;
01.01.2013;2;M2;0;0;0;0;22090400;0;1;0;4310000;
01.01.2013;2;M3;0;0;0;0;22090400;0;1;0;4590700;
01.01.2013;2;M4;0;0;0;0;22090400;0;1;0;5500000;
01.01.2013;2;M5;0;0;0;0;22090400;0;1;0;6800000;
01.01.2013;2;M6;0;0;0;0;22090400;0;1;0;7500000;
01.01.2013;2;M7;0;0;0;0;22090400;0;1;0;12515800;
01.01.2013;2;M8;0;0;0;0;22090400;0;1;0;19499200;
01.01.2013;2;M9;0;0;0;0;22090400;0;1;0;18996100;
01.01.2013;2;M10;0;0;0;0;22090400;0;1;0;17190300;
01.01.2013;2;M11;0;0;0;0;22090400;0;1;0;19065500;
01.01.2013;2;M12;0;0;0;0;22090400;0;1;0;18995100;
01.01.2013;12;M1;0;0;0;0;22090400;0;1;1;16877100;
01.01.2013;12;M2;0;0;0;0;22100000;0;1;2;20778500;
01.01.2013;12;M3;0;0;0;0;22100000;0;1;3;25227300;
01.01.2013;12;M4;0;0;0;0;22100000;0;1;4;23512500;
01.01.2013;12;M5;0;0;0;0;22100000;0;1;5;24000000;
01.01.2013;12;M6;0;0;0;0;22090400;0;1;6;24000000;
01.01.2013;12;M7;0;0;0;0;22090400;0;1;7;51858400;
01.01.2013;12;M8;0;0;0;0;22090400;0;1;8;19499200;
01.01.2013;12;M9;0;0;0;0;22090400;0;1;9;18996100;
01.01.2013;12;M10;0;0;0;0;22090400;0;1;10;17190300;
01.01.2013;12;M11;0;0;0;0;22090400;0;1;11;19065500;
01.01.2013;12;M12;0;0;0;0;22090400;0;1;12;18995100;
01.01.2013;2;M1;0;0;0;0;22090100;0;1;0;16877100;
01.01.2013;2;M2;0;0;0;0;22090100;0;1;0;20778500;
01.01.2013;2;M3;0;0;0;0;22090100;0;1;0;25227300;
01.01.2013;2;M4;0;0;0;0;22090100;0;1;0;23512500;
01.01.2013;2;M5;0;0;0;0;22090100;0;1;0;24000000;
01.01.2013;2;M6;0;0;0;0;22090100;0;1;0;24000000;
01.01.2013;2;M7;0;0;0;0;22090100;0;1;0;51858400;
01.01.2013;2;M8;0;0;0;0;22090100;0;1;0;740200;
01.01.2013;2;M9;0;0;0;0;22090100;0;1;0;805300;
01.01.2013;2;M10;0;0;0;0;22090100;0;1;0;1034100;
01.01.2013;2;M11;0;0;0;0;22090100;0;1;0;1354900;
01.01.2013;2;M12;0;0;0;0;22090100;0;1;0;1341300;
01.01.2013;12;M1;0;0;0;0;22090100;0;1;1;2327800;
01.01.2013;12;M2;0;0;0;0;22090100;0;1;2;1700000;
01.01.2013;12;M3;0;0;0;0;22090100;0;1;3;589200;
01.01.2013;12;M4;0;0;0;0;22090100;0;1;4;1600000;
01.01.2013;12;M5;0;0;0;0;22090100;0;1;5;1800000;
01.01.2013;12;M6;0;0;0;0;22090100;0;1;6;3300000;
01.01.2013;12;M7;0;0;0;0;22090100;0;1;7;4407200;
01.01.2013;12;M8;0;0;0;0;22090100;0;1;8;740200;
01.01.2013;12;M9;0;0;0;0;22090100;0;1;9;805300;
01.01.2013;12;M10;0;0;0;0;22090100;0;1;10;1034100;
01.01.2013;12;M11;0;0;0;0;22090100;0;1;11;1354900;
01.01.2013;12;M12;0;0;0;0;22090100;0;1;12;1341300;
01.01.2013;2;M1;0;0;0;0;22080400;0;1;0;2327800;
01.01.2013;2;M2;0;0;0;0;22080400;0;1;0;1700000;
01.01.2013;2;M3;0;0;0;0;22080400;0;1;0;589200;
01.01.2013;2;M4;0;0;0;0;22080400;0;1;0;1600000;
01.01.2013;2;M5;0;0;0;0;22080400;0;1;0;1800000;
01.01.2013;2;M6;0;0;0;0;22080400;0;1;0;3300000;
01.01.2013;2;M7;0;0;0;0;22080400;0;1;0;4407200;
01.01.2013;2;M8;0;0;0;0;22080400;0;1;0;45900;
01.01.2013;2;M9;0;0;0;0;22080400;0;1;0;204000;
01.01.2013;2;M10;0;0;0;0;22080400;0;1;0;400;
01.01.2013;2;M11;0;0;0;0;22080400;0;1;0;48700;
01.01.2013;2;M12;0;0;0;0;22080400;0;1;0;505400;
01.01.2013;12;M1;0;0;0;0;22080400;0;1;1;300000;
01.01.2013;12;M2;0;0;0;0;22080400;0;1;2;300000;
01.01.2013;12;M3;0;0;0;0;22080400;0;1;3;300000;
01.01.2013;12;M4;0;0;0;0;22080400;0;1;4;1095600;
01.01.2013;12;M5;0;0;0;0;22080400;0;1;5;45900;
01.01.2013;12;M6;0;0;0;0;22080400;0;1;6;204000;
01.01.2013;12;M7;0;0;0;0;22080400;0;1;7;400;
01.01.2013;12;M8;0;0;0;0;22080400;0;1;8;48700;
01.01.2013;12;M9;0;0;0;0;22080400;0;1;9;505400;
01.01.2013;12;M10;0;0;0;0;22080400;0;1;10;300000;
01.01.2013;12;M11;0;0;0;0;22080400;0;1;11;300000;
01.01.2013;12;M12;0;0;0;0;22080400;0;1;12;300000;
01.01.2013;2;M1;0;0;0;0;21081100;0;1;0;1095600;
01.01.2013;2;M2;0;0;0;0;21081100;0;1;0;94000;
01.01.2013;2;M3;0;0;0;0;21081100;0;1;0;1892300;
01.01.2013;2;M4;0;0;0;0;21081100;0;1;0;1594900;
01.01.2013;2;M5;0;0;0;0;21081100;0;1;0;2045800;
01.01.2013;2;M6;0;0;0;0;21081100;0;1;0;1673000;
01.01.2013;2;M7;0;0;0;0;21081100;0;1;0;94000;
01.01.2013;2;M8;0;0;0;0;21081100;0;1;0;1892300;
01.01.2013;2;M9;0;0;0;0;21081100;0;1;0;1594900;
01.01.2013;2;M10;0;0;0;0;21081100;0;1;0;2045800;
01.01.2013;2;M11;0;0;0;0;21081100;0;1;0;1673000;
01.01.2013;2;M12;0;0;0;0;21081100;0;1;0;20000000;
01.01.2013;12;M1;0;0;0;0;21081100;0;1;1;10000000;
01.01.2013;12;M2;0;0;0;0;21081100;0;1;2;10000000;
01.01.2013;12;M3;0;0;0;0;21081100;0;1;3;10000000;
01.01.2013;12;M4;0;0;0;0;21081100;0;1;4;40000000;
01.01.2013;12;M5;0;0;0;0;21081100;0;1;5;20000000;
01.01.2013;12;M6;0;0;0;0;21081100;0;1;6;10000000;
01.01.2013;12;M7;0;0;0;0;21081100;0;1;7;10000000;
01.01.2013;12;M8;0;0;0;0;21081100;0;1;8;10000000;
01.01.2013;12;M9;0;0;0;0;21081100;0;1;9;40000000;
01.01.2013;12;M10;0;0;0;0;21081100;0;1;10;1301800;
01.01.2013;12;M11;0;0;0;0;21081100;0;1;11;6533700;
01.01.2013;12;M12;0;0;0;0;21081100;0;1;12;110000;
01.01.2013;2;M1;0;0;0;0;21080900;0;1;0;613800;
01.01.2013;2;M3;0;0;0;0;21080900;0;1;0;5976200;
01.01.2013;2;M4;0;0;0;0;21080900;0;1;0;200000;
01.01.2013;2;M7;0;0;0;0;21080900;0;1;0;500000;
01.01.2013;2;M8;0;0;0;0;21080900;0;1;0;4098200;
01.01.2013;2;M9;0;0;0;0;21080900;0;1;0;20666300;
01.01.2013;2;M10;0;0;0;0;21080900;0;1;0;1301800;
01.01.2013;2;M11;0;0;0;0;21080900;0;1;0;6533700;
01.01.2013;2;M12;0;0;0;0;21080900;0;1;0;110000;
01.01.2013;12;M1;0;0;0;0;21080900;0;1;1;613800;
01.01.2013;12;M3;0;0;0;0;21080900;0;1;3;5976200;
01.01.2013;12;M4;0;0;0;0;21080900;0;1;4;200000;
01.01.2013;12;M7;0;0;0;0;21080900;0;1;7;500000;
01.01.2013;12;M8;0;0;0;0;21080900;0;1;8;4098200;
01.01.2013;12;M9;0;0;0;0;21080900;0;1;9;20666300;
01.01.2013;12;M10;0;0;0;0;21080900;0;1;10;113600;
01.01.2013;12;M11;0;0;0;0;21080900;0;1;11;2114600;
01.01.2013;12;M12;0;0;0;0;21080900;0;1;12;1096200;
01.01.2013;2;M1;0;0;0;0;21080500;0;1;0;1875400;
01.01.2013;2;M2;0;0;0;0;21080500;0;1;0;2559200;
01.01.2013;2;M3;0;0;0;0;21080500;0;1;0;113600;
01.01.2013;2;M4;0;0;0;0;21080500;0;1;0;2114600;
01.01.2013;2;M5;0;0;0;0;21080500;0;1;0;1096200;
01.01.2013;12;M1;0;0;0;0;21080500;0;1;1;1875400;
01.01.2013;12;M2;0;0;0;0;21080500;0;1;2;2559200;
01.01.2013;12;M3;0;0;0;0;21080500;0;1;3;2235600;
01.01.2013;12;M4;0;0;0;0;21080500;0;1;4;1955000;
01.01.2013;12;M5;0;0;0;0;21080500;0;1;5;2050000;
01.01.2013;2;M8;0;0;0;0;21050000;0;1;0;2027500;
01.01.2013;2;M9;0;0;0;0;21050000;0;1;0;1704200;
01.01.2013;2;M10;0;0;0;0;21050000;0;1;0;1720000;
01.01.2013;2;M11;0;0;0;0;21050000;0;1;0;1680000;
01.01.2013;2;M12;0;0;0;0;21050000;0;1;0;2234900;
01.01.2013;12;M8;0;0;0;0;21050000;0;1;8;1957000;
01.01.2013;12;M9;0;0;0;0;21050000;0;1;9;2150000;
01.01.2013;12;M10;0;0;0;0;21050000;0;1;10;1950000;
01.01.2013;12;M11;0;0;0;0;21050000;0;1;11;1535800;
01.01.2013;12;M12;0;0;0;0;21050000;0;1;12;2235600;
01.01.2013;2;M1;0;0;0;0;21010300;0;1;0;1955000;
01.01.2013;2;M2;0;0;0;0;21010300;0;1;0;2050000;
01.01.2013;2;M6;0;0;0;0;21010300;0;1;0;2027500;
01.01.2013;2;M7;0;0;0;0;21010300;0;1;0;1704200;
01.01.2013;2;M8;0;0;0;0;21010300;0;1;0;1720000;
01.01.2013;2;M9;0;0;0;0;21010300;0;1;0;1680000;
01.01.2013;2;M10;0;0;0;0;21010300;0;1;0;2234900;
01.01.2013;2;M11;0;0;0;0;21010300;0;1;0;1957000;
01.01.2013;2;M12;0;0;0;0;21010300;0;1;0;2150000;
01.01.2013;12;M1;0;0;0;0;21010300;0;1;1;1950000;
01.01.2013;12;M2;0;0;0;0;21010300;0;1;2;1535800;
01.01.2013;12;M6;0;0;0;0;21010300;0;1;6;48800;
01.01.2013;12;M7;0;0;0;0;21010300;0;1;7;360000;
01.01.2013;12;M8;0;0;0;0;21010300;0;1;8;49000;
01.01.2013;12;M9;0;0;0;0;21010300;0;1;9;100000;
01.01.2013;12;M10;0;0;0;0;21010300;0;1;10;48500;
01.01.2013;12;M11;0;0;0;0;21010300;0;1;11;48500;
01.01.2013;12;M12;0;0;0;0;21010300;0;1;12;48500;
01.01.2013;2;M1;0;0;0;0;18041800;0;1;0;48500;
01.01.2013;2;M3;0;0;0;0;18041800;0;1;0;48500;
01.01.2013;2;M6;0;0;0;0;18041800;0;1;0;48500;
01.01.2013;2;M9;0;0;0;0;18041800;0;1;0;51200;
01.01.2013;2;M12;0;0;0;0;18041800;0;1;0;48800;
01.01.2013;12;M1;0;0;0;0;18041800;0;1;1;360000;
01.01.2013;12;M3;0;0;0;0;18041800;0;1;3;49000;
01.01.2013;12;M6;0;0;0;0;18041800;0;1;6;100000;
01.01.2013;12;M9;0;0;0;0;18041800;0;1;9;48500;
01.01.2013;12;M12;0;0;0;0;18041800;0;1;12;48500;
01.01.2013;2;M1;0;0;0;0;18041400;0;1;0;48500;
01.01.2013;2;M2;0;0;0;0;18041400;0;1;0;48500;
01.01.2013;2;M3;0;0;0;0;18041400;0;1;0;48500;
01.01.2013;2;M4;0;0;0;0;18041400;0;1;0;48500;
01.01.2013;2;M5;0;0;0;0;18041400;0;1;0;51200;
01.01.2013;2;M6;0;0;0;0;18041400;0;1;0;14500;
01.01.2013;2;M7;0;0;0;0;18041400;0;1;0;14500;
01.01.2013;2;M8;0;0;0;0;18041400;0;1;0;24000;
01.01.2013;2;M9;0;0;0;0;18041400;0;1;0;7500;
01.01.2013;2;M10;0;0;0;0;18041400;0;1;0;7500;
01.01.2013;2;M11;0;0;0;0;18041400;0;1;0;7500;
01.01.2013;2;M12;0;0;0;0;18041400;0;1;0;7500;
01.01.2013;12;M1;0;0;0;0;18041400;0;1;1;12000;
01.01.2013;12;M2;0;0;0;0;18041400;0;1;2;7500;
01.01.2013;12;M3;0;0;0;0;18041400;0;1;3;7500;
01.01.2013;12;M4;0;0;0;0;18041400;0;1;4;14500;
01.01.2013;12;M5;0;0;0;0;18041400;0;1;5;14500;
01.01.2013;12;M6;0;0;0;0;18041400;0;1;6;24000;
01.01.2013;12;M7;0;0;0;0;18041400;0;1;7;7500;
01.01.2013;12;M8;0;0;0;0;18041400;0;1;8;7500;
01.01.2013;12;M9;0;0;0;0;18041400;0;1;9;7500;
01.01.2013;12;M10;0;0;0;0;18041400;0;1;10;7500;
01.01.2013;12;M11;0;0;0;0;18041400;0;1;11;12000;
01.01.2013;12;M12;0;0;0;0;18041400;0;1;12;7500;
01.01.2013;2;M1;0;0;0;0;18041300;0;1;0;7500;
01.01.2013;2;M2;0;0;0;0;18041300;0;1;0;12200;
01.01.2013;2;M3;0;0;0;0;18041300;0;1;0;700;
01.01.2013;2;M4;0;0;0;0;18041300;0;1;0;6100;
01.01.2013;2;M6;0;0;0;0;18041300;0;1;0;12000;
01.01.2013;2;M7;0;0;0;0;18041300;0;1;0;12200;
01.01.2013;2;M8;0;0;0;0;18041300;0;1;0;700;
01.01.2013;2;M9;0;0;0;0;18041300;0;1;0;6100;
01.01.2013;2;M10;0;0;0;0;18041300;0;1;0;12000;
01.01.2013;2;M11;0;0;0;0;18041300;0;1;0;3041900;
01.01.2013;2;M12;0;0;0;0;18041300;0;1;0;3460700;
01.01.2013;12;M1;0;0;0;0;18041300;0;1;1;3143700;
01.01.2013;12;M2;0;0;0;0;18041300;0;1;2;2636000;
01.01.2013;12;M3;0;0;0;0;18041300;0;1;3;3238000;
01.01.2013;12;M4;0;0;0;0;18041300;0;1;4;2860000;
01.01.2013;12;M6;0;0;0;0;18041300;0;1;6;3193000;
01.01.2013;12;M7;0;0;0;0;18041300;0;1;7;3190000;
01.01.2013;12;M8;0;0;0;0;18041300;0;1;8;3082000;
01.01.2013;12;M9;0;0;0;0;18041300;0;1;9;3029000;
01.01.2013;12;M10;0;0;0;0;18041300;0;1;10;3043500;
01.01.2013;12;M11;0;0;0;0;18041300;0;1;11;3582200;
01.01.2013;12;M12;0;0;0;0;18041300;0;1;12;3041900;
01.01.2013;2;M2;0;0;0;0;18041000;0;1;0;3460700;
01.01.2013;2;M3;0;0;0;0;18041000;0;1;0;3143700;
01.01.2013;2;M4;0;0;0;0;18041000;0;1;0;2636000;
01.01.2013;2;M5;0;0;0;0;18041000;0;1;0;3238000;
01.01.2013;2;M7;0;0;0;0;18041000;0;1;0;2860000;
01.01.2013;2;M8;0;0;0;0;18041000;0;1;0;3193000;
01.01.2013;2;M9;0;0;0;0;18041000;0;1;0;3190000;
01.01.2013;2;M10;0;0;0;0;18041000;0;1;0;3082000;
01.01.2013;2;M11;0;0;0;0;18041000;0;1;0;3029000;
01.01.2013;2;M12;0;0;0;0;18041000;0;1;0;3043500;
01.01.2013;12;M2;0;0;0;0;18041000;0;1;2;3582200;
01.01.2013;12;M3;0;0;0;0;18041000;0;1;3;7436100;
01.01.2013;12;M4;0;0;0;0;18041000;0;1;4;7300000;
01.01.2013;12;M5;0;0;0;0;18041000;0;1;5;7360000;
01.01.2013;12;M7;0;0;0;0;18041000;0;1;7;6888000;
01.01.2013;12;M8;0;0;0;0;18041000;0;1;8;8415500;
01.01.2013;12;M9;0;0;0;0;18041000;0;1;9;6352000;
01.01.2013;12;M10;0;0;0;0;18041000;0;1;10;7320000;
01.01.2013;12;M11;0;0;0;0;18041000;0;1;11;7270000;
01.01.2013;12;M12;0;0;0;0;18041000;0;1;12;7275000;
01.01.2013;2;M1;0;0;0;0;18040900;0;1;0;6874000;
01.01.2013;2;M2;0;0;0;0;18040900;0;1;0;6195000;
01.01.2013;2;M5;0;0;0;0;18040900;0;1;0;9314400;
01.01.2013;2;M6;0;0;0;0;18040900;0;1;0;7436100;
01.01.2013;12;M1;0;0;0;0;18040900;0;1;1;7300000;
01.01.2013;12;M2;0;0;0;0;18040900;0;1;2;7360000;
01.01.2013;12;M5;0;0;0;0;18040900;0;1;5;6888000;
01.01.2013;12;M6;0;0;0;0;18040900;0;1;6;8415500;
01.01.2013;2;M1;0;0;0;0;18040800;0;1;0;6352000;
01.01.2013;2;M2;0;0;0;0;18040800;0;1;0;7320000;
01.01.2013;2;M3;0;0;0;0;18040800;0;1;0;7270000;
01.01.2013;2;M4;0;0;0;0;18040800;0;1;0;7275000;
01.01.2013;2;M5;0;0;0;0;18040800;0;1;0;6874000;
01.01.2013;2;M6;0;0;0;0;18040800;0;1;0;6195000;
01.01.2013;2;M7;0;0;0;0;18040800;0;1;0;9314400;
01.01.2013;2;M8;0;0;0;0;18040800;0;1;0;7122400;
01.01.2013;2;M9;0;0;0;0;18040800;0;1;0;6867700;
01.01.2013;2;M10;0;0;0;0;18040800;0;1;0;6403500;
01.01.2013;2;M11;0;0;0;0;18040800;0;1;0;6538500;
01.01.2013;2;M12;0;0;0;0;18040800;0;1;0;6392500;
01.01.2013;12;M1;0;0;0;0;18040800;0;1;1;6601000;
01.01.2013;12;M2;0;0;0;0;18040800;0;1;2;6248000;
01.01.2013;12;M3;0;0;0;0;18040800;0;1;3;6866000;
01.01.2013;12;M4;0;0;0;0;18040800;0;1;4;6735000;
01.01.2013;12;M5;0;0;0;0;18040800;0;1;5;6724500;
01.01.2013;12;M6;0;0;0;0;18040800;0;1;6;6987500;
01.01.2013;12;M7;0;0;0;0;18040800;0;1;7;8513400;
01.01.2013;12;M8;0;0;0;0;18040800;0;1;8;7122400;
01.01.2013;12;M9;0;0;0;0;18040800;0;1;9;6867700;
01.01.2013;12;M10;0;0;0;0;18040800;0;1;10;6403500;
01.01.2013;12;M11;0;0;0;0;18040800;0;1;11;6538500;
01.01.2013;12;M12;0;0;0;0;18040800;0;1;12;6392500;
01.01.2013;2;M1;0;0;0;0;18040700;0;1;0;6601000;
01.01.2013;2;M2;0;0;0;0;18040700;0;1;0;6248000;
01.01.2013;2;M3;0;0;0;0;18040700;0;1;0;6866000;
01.01.2013;2;M4;0;0;0;0;18040700;0;1;0;6735000;
01.01.2013;2;M5;0;0;0;0;18040700;0;1;0;6724500;
01.01.2013;2;M6;0;0;0;0;18040700;0;1;0;6987500;
01.01.2013;2;M7;0;0;0;0;18040700;0;1;0;8513400;
01.01.2013;2;M8;0;0;0;0;18040700;0;1;0;1325300;
01.01.2013;2;M9;0;0;0;0;18040700;0;1;0;1766000;
01.01.2013;2;M10;0;0;0;0;18040700;0;1;0;1627000;
01.01.2013;2;M11;0;0;0;0;18040700;0;1;0;1420000;
01.01.2013;2;M12;0;0;0;0;18040700;0;1;0;1643000;
01.01.2013;12;M1;0;0;0;0;18040700;0;1;1;1468000;
01.01.2013;12;M2;0;0;0;0;18040700;0;1;2;1468000;
01.01.2013;12;M3;0;0;0;0;18040700;0;1;3;1350000;
01.01.2013;12;M4;0;0;0;0;18040700;0;1;4;1310000;
01.01.2013;12;M5;0;0;0;0;18040700;0;1;5;1350000;
01.01.2013;12;M6;0;0;0;0;18040700;0;1;6;1050000;
01.01.2013;12;M7;0;0;0;0;18040700;0;1;7;722700;
01.01.2013;12;M8;0;0;0;0;18040700;0;1;8;1325300;
01.01.2013;12;M9;0;0;0;0;18040700;0;1;9;1766000;
01.01.2013;12;M10;0;0;0;0;18040700;0;1;10;1627000;
01.01.2013;12;M11;0;0;0;0;18040700;0;1;11;1420000;
01.01.2013;12;M12;0;0;0;0;18040700;0;1;12;1643000;
01.01.2013;2;M1;0;0;0;0;18040600;0;1;0;1468000;
01.01.2013;2;M2;0;0;0;0;18040600;0;1;0;1468000;
01.01.2013;2;M3;0;0;0;0;18040600;0;1;0;1350000;
01.01.2013;2;M4;0;0;0;0;18040600;0;1;0;1310000;
01.01.2013;2;M5;0;0;0;0;18040600;0;1;0;1350000;
01.01.2013;2;M6;0;0;0;0;18040600;0;1;0;1050000;
01.01.2013;2;M7;0;0;0;0;18040600;0;1;0;722700;
01.01.2013;2;M8;0;0;0;0;18040600;0;1;0;24732100;
01.01.2013;2;M9;0;0;0;0;18040600;0;1;0;23456900;
01.01.2013;2;M10;0;0;0;0;18040600;0;1;0;26596800;
01.01.2013;2;M11;0;0;0;0;18040600;0;1;0;22813900;
01.01.2013;2;M12;0;0;0;0;18040600;0;1;0;22252100;
01.01.2013;12;M1;0;0;0;0;18040600;0;1;1;25400000;
01.01.2013;12;M2;0;0;0;0;18040600;0;1;2;22700000;
01.01.2013;12;M3;0;0;0;0;18040600;0;1;3;23000000;
01.01.2013;12;M4;0;0;0;0;18040600;0;1;4;26700000;
01.01.2013;12;M5;0;0;0;0;18040600;0;1;5;23280000;
01.01.2013;12;M6;0;0;0;0;18040600;0;1;6;24478000;
01.01.2013;12;M7;0;0;0;0;18040600;0;1;7;34590200;
01.01.2013;12;M8;0;0;0;0;18040600;0;1;8;24732100;
01.01.2013;12;M9;0;0;0;0;18040600;0;1;9;23456900;
01.01.2013;12;M10;0;0;0;0;18040600;0;1;10;26596800;
01.01.2013;12;M11;0;0;0;0;18040600;0;1;11;22813900;
01.01.2013;12;M12;0;0;0;0;18040600;0;1;12;22252100;
01.01.2013;2;M1;0;0;0;0;18040500;0;1;0;25400000;
01.01.2013;2;M2;0;0;0;0;18040500;0;1;0;22700000;
01.01.2013;2;M3;0;0;0;0;18040500;0;1;0;23000000;
01.01.2013;2;M4;0;0;0;0;18040500;0;1;0;26700000;
01.01.2013;2;M5;0;0;0;0;18040500;0;1;0;23280000;
01.01.2013;2;M6;0;0;0;0;18040500;0;1;0;24478000;
01.01.2013;2;M7;0;0;0;0;18040500;0;1;0;34590200;
01.01.2013;2;M8;0;0;0;0;18040500;0;1;0;18874100;
01.01.2013;2;M9;0;0;0;0;18040500;0;1;0;16360500;
01.01.2013;2;M10;0;0;0;0;18040500;0;1;0;16761300;
01.01.2013;2;M11;0;0;0;0;18040500;0;1;0;17505400;
01.01.2013;2;M12;0;0;0;0;18040500;0;1;0;17483400;
01.01.2013;12;M1;0;0;0;0;18040500;0;1;1;17113000;
01.01.2013;12;M2;0;0;0;0;18040500;0;1;2;15335000;
01.01.2013;12;M3;0;0;0;0;18040500;0;1;3;13412000;
01.01.2013;12;M4;0;0;0;0;18040500;0;1;4;17530000;
01.01.2013;12;M5;0;0;0;0;18040500;0;1;5;14525000;
01.01.2013;12;M6;0;0;0;0;18040500;0;1;6;17523500;
01.01.2013;12;M7;0;0;0;0;18040500;0;1;7;27576800;
01.01.2013;12;M8;0;0;0;0;18040500;0;1;8;18874100;
01.01.2013;12;M9;0;0;0;0;18040500;0;1;9;16360500;
01.01.2013;12;M10;0;0;0;0;18040500;0;1;10;16761300;
01.01.2013;12;M11;0;0;0;0;18040500;0;1;11;17505400;
01.01.2013;12;M12;0;0;0;0;18040500;0;1;12;17483400;
01.01.2013;2;M1;0;0;0;0;18040200;0;1;0;17113000;
01.01.2013;2;M2;0;0;0;0;18040200;0;1;0;15335000;
01.01.2013;2;M3;0;0;0;0;18040200;0;1;0;13412000;
01.01.2013;2;M4;0;0;0;0;18040200;0;1;0;17530000;
01.01.2013;2;M5;0;0;0;0;18040200;0;1;0;14525000;
01.01.2013;2;M6;0;0;0;0;18040200;0;1;0;17523500;
01.01.2013;2;M7;0;0;0;0;18040200;0;1;0;27576800;
01.01.2013;2;M8;0;0;0;0;18040200;0;1;0;581500;
01.01.2013;2;M9;0;0;0;0;18040200;0;1;0;850100;
01.01.2013;2;M10;0;0;0;0;18040200;0;1;0;402700;
01.01.2013;2;M11;0;0;0;0;18040200;0;1;0;279100;
01.01.2013;2;M12;0;0;0;0;18040200;0;1;0;584300;
01.01.2013;12;M1;0;0;0;0;18040200;0;1;1;219200;
01.01.2013;12;M2;0;0;0;0;18040200;0;1;2;550000;
01.01.2013;12;M3;0;0;0;0;18040200;0;1;3;1110000;
01.01.2013;12;M4;0;0;0;0;18040200;0;1;4;500000;
01.01.2013;12;M5;0;0;0;0;18040200;0;1;5;850000;
01.01.2013;12;M6;0;0;0;0;18040200;0;1;6;601700;
01.01.2013;12;M7;0;0;0;0;18040200;0;1;7;471400;
01.01.2013;12;M8;0;0;0;0;18040200;0;1;8;581500;
01.01.2013;12;M9;0;0;0;0;18040200;0;1;9;850100;
01.01.2013;12;M10;0;0;0;0;18040200;0;1;10;402700;
01.01.2013;12;M11;0;0;0;0;18040200;0;1;11;279100;
01.01.2013;12;M12;0;0;0;0;18040200;0;1;12;584300;
01.01.2013;2;M1;0;0;0;0;18040100;0;1;0;219200;
01.01.2013;2;M2;0;0;0;0;18040100;0;1;0;550000;
01.01.2013;2;M3;0;0;0;0;18040100;0;1;0;1110000;
01.01.2013;2;M4;0;0;0;0;18040100;0;1;0;500000;
01.01.2013;2;M5;0;0;0;0;18040100;0;1;0;850000;
01.01.2013;2;M6;0;0;0;0;18040100;0;1;0;601700;
01.01.2013;2;M7;0;0;0;0;18040100;0;1;0;471400;
01.01.2013;2;M8;0;0;0;0;18040100;0;1;0;525600;
01.01.2013;2;M9;0;0;0;0;18040100;0;1;0;553500;
01.01.2013;2;M10;0;0;0;0;18040100;0;1;0;269500;
01.01.2013;2;M11;0;0;0;0;18040100;0;1;0;339300;
01.01.2013;2;M12;0;0;0;0;18040100;0;1;0;319800;
01.01.2013;12;M1;0;0;0;0;18040100;0;1;1;467900;
01.01.2013;12;M2;0;0;0;0;18040100;0;1;2;260000;
01.01.2013;12;M3;0;0;0;0;18040100;0;1;3;1095000;
01.01.2013;12;M4;0;0;0;0;18040100;0;1;4;470000;
01.01.2013;12;M5;0;0;0;0;18040100;0;1;5;450000;
01.01.2013;12;M6;0;0;0;0;18040100;0;1;6;620000;
01.01.2013;12;M7;0;0;0;0;18040100;0;1;7;1129400;
01.01.2013;12;M8;0;0;0;0;18040100;0;1;8;525600;
01.01.2013;12;M9;0;0;0;0;18040100;0;1;9;553500;
01.01.2013;12;M10;0;0;0;0;18040100;0;1;10;269500;
01.01.2013;12;M11;0;0;0;0;18040100;0;1;11;339300;
01.01.2013;12;M12;0;0;0;0;18040100;0;1;12;319800;
01.01.2013;2;M1;0;0;0;0;18030200;0;1;0;467900;
01.01.2013;2;M2;0;0;0;0;18030200;0;1;0;260000;
01.01.2013;2;M3;0;0;0;0;18030200;0;1;0;1095000;
01.01.2013;2;M4;0;0;0;0;18030200;0;1;0;470000;
01.01.2013;2;M5;0;0;0;0;18030200;0;1;0;450000;
01.01.2013;2;M6;0;0;0;0;18030200;0;1;0;620000;
01.01.2013;2;M7;0;0;0;0;18030200;0;1;0;1129400;
01.01.2013;2;M8;0;0;0;0;18030200;0;1;0;83416200;
01.01.2013;2;M9;0;0;0;0;18030200;0;1;0;95872600;
01.01.2013;2;M10;0;0;0;0;18030200;0;1;0;94576600;
01.01.2013;2;M11;0;0;0;0;18030200;0;1;0;100369300;
01.01.2013;2;M12;0;0;0;0;18030200;0;1;0;92529000;
01.01.2013;12;M1;0;0;0;0;18030200;0;1;1;97987900;
01.01.2013;12;M2;0;0;0;0;18030200;0;1;2;120000000;
01.01.2013;12;M3;0;0;0;0;18030200;0;1;3;101012100;
01.01.2013;12;M4;0;0;0;0;18030200;0;1;4;80000000;
01.01.2013;12;M5;0;0;0;0;18030200;0;1;5;100000000;
01.01.2013;12;M6;0;0;0;0;18030200;0;1;6;85000000;
01.01.2013;12;M7;0;0;0;0;18030200;0;1;7;543185800;
01.01.2013;12;M8;0;0;0;0;18030200;0;1;8;83416200;
01.01.2013;12;M9;0;0;0;0;18030200;0;1;9;95872600;
01.01.2013;12;M10;0;0;0;0;18030200;0;1;10;94576600;
01.01.2013;12;M11;0;0;0;0;18030200;0;1;11;100369300;
01.01.2013;12;M12;0;0;0;0;18030200;0;1;12;92529000;
01.01.2013;2;M1;0;0;0;0;18030100;0;1;0;97987900;
01.01.2013;2;M2;0;0;0;0;18030100;0;1;0;120000000;
01.01.2013;2;M3;0;0;0;0;18030100;0;1;0;101012100;
01.01.2013;2;M4;0;0;0;0;18030100;0;1;0;80000000;
01.01.2013;2;M5;0;0;0;0;18030100;0;1;0;100000000;
01.01.2013;2;M6;0;0;0;0;18030100;0;1;0;85000000;
01.01.2013;2;M7;0;0;0;0;18030100;0;1;0;543185800;
01.01.2013;2;M8;0;0;0;0;18030100;0;1;0;10042000;
01.01.2013;2;M9;0;0;0;0;18030100;0;1;0;33405100;
01.01.2013;2;M10;0;0;0;0;18030100;0;1;0;14219500;
01.01.2013;2;M11;0;0;0;0;18030100;0;1;0;11557500;
01.01.2013;2;M12;0;0;0;0;18030100;0;1;0;11462200;
01.01.2013;12;M1;0;0;0;0;18030100;0;1;1;22652300;
01.01.2013;12;M2;0;0;0;0;18030100;0;1;2;36000000;
01.01.2013;12;M3;0;0;0;0;18030100;0;1;3;34347700;
01.01.2013;12;M4;0;0;0;0;18030100;0;1;4;14000000;
01.01.2013;12;M5;0;0;0;0;18030100;0;1;5;14000000;
01.01.2013;12;M6;0;0;0;0;18030100;0;1;6;12000000;
01.01.2013;12;M7;0;0;0;0;18030100;0;1;7;89328400;
01.01.2013;12;M8;0;0;0;0;18030100;0;1;8;10042000;
01.01.2013;12;M9;0;0;0;0;18030100;0;1;9;33405100;
01.01.2013;12;M10;0;0;0;0;18030100;0;1;10;14219500;
01.01.2013;12;M11;0;0;0;0;18030100;0;1;11;11557500;
01.01.2013;12;M12;0;0;0;0;18030100;0;1;12;11462200;
01.01.2013;2;M1;0;0;0;0;13050500;0;1;0;22652300;
01.01.2013;2;M2;0;0;0;0;13050500;0;1;0;36000000;
01.01.2013;2;M3;0;0;0;0;13050500;0;1;0;34347700;
01.01.2013;2;M4;0;0;0;0;13050500;0;1;0;14000000;
01.01.2013;2;M5;0;0;0;0;13050500;0;1;0;14000000;
01.01.2013;2;M6;0;0;0;0;13050500;0;1;0;12000000;
01.01.2013;2;M7;0;0;0;0;13050500;0;1;0;89328400;
01.01.2013;2;M8;0;0;0;0;13050500;0;1;0;283754700;
01.01.2013;2;M9;0;0;0;0;13050500;0;1;0;350829800;
01.01.2013;2;M10;0;0;0;0;13050500;0;1;0;334277900;
01.01.2013;2;M11;0;0;0;0;13050500;0;1;0;369019900;
01.01.2013;2;M12;0;0;0;0;13050500;0;1;0;356872600;
01.01.2013;12;M1;0;0;0;0;13050500;0;1;1;324688400;
01.01.2013;12;M2;0;0;0;0;13050500;0;1;2;259348000;
01.01.2013;12;M3;0;0;0;0;13050500;0;1;3;210963600;
01.01.2013;12;M4;0;0;0;0;13050500;0;1;4;255000000;
01.01.2013;12;M5;0;0;0;0;13050500;0;1;5;285000000;
01.01.2013;12;M6;0;0;0;0;13050500;0;1;6;310000000;
01.01.2013;12;M7;0;0;0;0;13050500;0;1;7;1265286800;
01.01.2013;12;M8;0;0;0;0;13050500;0;1;8;283754700;
01.01.2013;12;M9;0;0;0;0;13050500;0;1;9;350829800;
01.01.2013;12;M10;0;0;0;0;13050500;0;1;10;334277900;
01.01.2013;12;M11;0;0;0;0;13050500;0;1;11;369019900;
01.01.2013;12;M12;0;0;0;0;13050500;0;1;12;356872600;
01.01.2013;2;M1;0;0;0;0;13050300;0;1;0;324688400;
01.01.2013;2;M2;0;0;0;0;13050300;0;1;0;259348000;
01.01.2013;2;M3;0;0;0;0;13050300;0;1;0;210963600;
01.01.2013;2;M4;0;0;0;0;13050300;0;1;0;255000000;
01.01.2013;2;M5;0;0;0;0;13050300;0;1;0;285000000;
01.01.2013;2;M6;0;0;0;0;13050300;0;1;0;310000000;
01.01.2013;2;M7;0;0;0;0;13050300;0;1;0;1265286800;
01.01.2013;2;M8;0;0;0;0;13050300;0;1;0;221430500;
01.01.2013;2;M9;0;0;0;0;13050300;0;1;0;309336400;
01.01.2013;2;M10;0;0;0;0;13050300;0;1;0;250388300;
01.01.2013;2;M11;0;0;0;0;13050300;0;1;0;272351000;
01.01.2013;2;M12;0;0;0;0;13050300;0;1;0;278431200;
01.01.2013;12;M1;0;0;0;0;13050300;0;1;1;255586100;
01.01.2013;12;M2;0;0;0;0;13050300;0;1;2;274652000;
01.01.2013;12;M3;0;0;0;0;13050300;0;1;3;265000000;
01.01.2013;12;M4;0;0;0;0;13050300;0;1;4;259998000;
01.01.2013;12;M5;0;0;0;0;13050300;0;1;5;270000000;
01.01.2013;12;M6;0;0;0;0;13050300;0;1;6;267180400;
01.01.2013;12;M7;0;0;0;0;13050300;0;1;7;1561319600;
01.01.2013;12;M8;0;0;0;0;13050300;0;1;8;221430500;
01.01.2013;12;M9;0;0;0;0;13050300;0;1;9;309336400;
01.01.2013;12;M10;0;0;0;0;13050300;0;1;10;250388300;
01.01.2013;12;M11;0;0;0;0;13050300;0;1;11;272351000;
01.01.2013;12;M12;0;0;0;0;13050300;0;1;12;278431200;
01.01.2013;2;M1;0;0;0;0;13050200;0;1;0;255586100;
01.01.2013;2;M2;0;0;0;0;13050200;0;1;0;274652000;
01.01.2013;2;M3;0;0;0;0;13050200;0;1;0;265000000;
01.01.2013;2;M4;0;0;0;0;13050200;0;1;0;259998000;
01.01.2013;2;M5;0;0;0;0;13050200;0;1;0;270000000;
01.01.2013;2;M6;0;0;0;0;13050200;0;1;0;267180400;
01.01.2013;2;M7;0;0;0;0;13050200;0;1;0;1561319600;
01.01.2013;2;M8;0;0;0;0;13050200;0;1;0;6118100;
01.01.2013;2;M9;0;0;0;0;13050200;0;1;0;4500000;
01.01.2013;2;M10;0;0;0;0;13050200;0;1;0;4500000;
01.01.2013;2;M11;0;0;0;0;13050200;0;1;0;4500000;
01.01.2013;2;M12;0;0;0;0;13050200;0;1;0;35381900;
01.01.2013;12;M1;0;0;0;0;13050200;0;1;1;6118100;
01.01.2013;12;M2;0;0;0;0;13050200;0;1;2;4500000;
01.01.2013;12;M3;0;0;0;0;13050200;0;1;3;4500000;
01.01.2013;12;M4;0;0;0;0;13050200;0;1;4;4500000;
01.01.2013;12;M5;0;0;0;0;13050200;0;1;5;35381900;
01.01.2013;12;M6;0;0;0;0;13050200;0;1;6;4325500;
01.01.2013;12;M7;0;0;0;0;13050200;0;1;7;29391000;
01.01.2013;12;M8;0;0;0;0;13050200;0;1;8;16275000;
01.01.2013;12;M9;0;0;0;0;13050200;0;1;9;1500000;
01.01.2013;12;M10;0;0;0;0;13050200;0;1;10;2300000;
01.01.2013;12;M11;0;0;0;0;13050200;0;1;11;500000;
01.01.2013;12;M12;0;0;0;0;13050200;0;1;12;4000000;
01.01.2013;2;M1;0;0;0;0;13050100;0;1;0;71708500;
01.01.2013;2;M2;0;0;0;0;13050100;0;1;0;4325500;
01.01.2013;2;M3;0;0;0;0;13050100;0;1;0;29391000;
01.01.2013;2;M4;0;0;0;0;13050100;0;1;0;16275000;
01.01.2013;2;M5;0;0;0;0;13050100;0;1;0;1500000;
01.01.2013;2;M6;0;0;0;0;13050100;0;1;0;2300000;
01.01.2013;2;M7;0;0;0;0;13050100;0;1;0;500000;
01.01.2013;2;M8;0;0;0;0;13050100;0;1;0;4000000;
01.01.2013;2;M9;0;0;0;0;13050100;0;1;0;71708500;
01.01.2013;2;M10;0;0;0;0;13050100;0;1;0;60829000;
01.01.2013;2;M11;0;0;0;0;13050100;0;1;0;107465400;
01.01.2013;2;M12;0;0;0;0;13050100;0;1;0;108840400;
01.01.2013;12;M1;0;0;0;0;13050100;0;1;1;104074300;
01.01.2013;12;M2;0;0;0;0;13050100;0;1;2;132143300;
01.01.2013;12;M3;0;0;0;0;13050100;0;1;3;80798100;
01.01.2013;12;M4;0;0;0;0;13050100;0;1;4;245000000;
01.01.2013;12;M5;0;0;0;0;13050100;0;1;5;159201900;
01.01.2013;12;M6;0;0;0;0;13050100;0;1;6;100000000;
01.01.2013;12;M7;0;0;0;0;13050100;0;1;7;125000000;
01.01.2013;12;M8;0;0;0;0;13050100;0;1;8;150000000;
01.01.2013;12;M9;0;0;0;0;13050100;0;1;9;226647600;
01.01.2013;12;M10;0;0;0;0;13050100;0;1;10;60829000;
01.01.2013;12;M11;0;0;0;0;13050100;0;1;11;107465400;
01.01.2013;12;M12;0;0;0;0;13050100;0;1;12;108840400;
01.01.2013;2;M8;0;0;0;0;11023200;0;1;0;104074300;
01.01.2013;2;M9;0;0;0;0;11023200;0;1;0;132143300;
01.01.2013;2;M10;0;0;0;0;11023200;0;1;0;80798100;
01.01.2013;2;M11;0;0;0;0;11023200;0;1;0;245000000;
01.01.2013;2;M12;0;0;0;0;11023200;0;1;0;159201900;
01.01.2013;12;M8;0;0;0;0;11023200;0;1;8;100000000;
01.01.2013;12;M9;0;0;0;0;11023200;0;1;9;125000000;
01.01.2013;12;M10;0;0;0;0;11023200;0;1;10;150000000;
01.01.2013;12;M11;0;0;0;0;11023200;0;1;11;226647600;
01.01.2013;12;M12;0;0;0;0;11023200;0;1;12;49057000;
01.01.2013;2;M1;0;0;0;0;11020200;0;1;0;33828400;
01.01.2013;2;M2;0;0;0;0;11020200;0;1;0;89554400;
01.01.2013;2;M3;0;0;0;0;11020200;0;1;0;45925500;
01.01.2013;2;M8;0;0;0;0;11020200;0;1;0;69623000;
01.01.2013;2;M9;0;0;0;0;11020200;0;1;0;80770000;
01.01.2013;2;M10;0;0;0;0;11020200;0;1;0;29062300;
01.01.2013;2;M11;0;0;0;0;11020200;0;1;0;53177700;
01.01.2013;2;M12;0;0;0;0;11020200;0;1;0;32220000;
01.01.2013;12;M1;0;0;0;0;11020200;0;1;1;66170000;
01.01.2013;12;M2;0;0;0;0;11020200;0;1;2;93170000;
01.01.2013;12;M3;0;0;0;0;11020200;0;1;3;7441700;
01.01.2013;12;M8;0;0;0;0;11020200;0;1;8;49057000;
01.01.2013;12;M9;0;0;0;0;11020200;0;1;9;33828400;
01.01.2013;12;M10;0;0;0;0;11020200;0;1;10;89554400;
01.01.2013;12;M11;0;0;0;0;11020200;0;1;11;45925500;
01.01.2013;12;M12;0;0;0;0;11020200;0;1;12;69623000;
01.01.2013;2;M1;0;0;0;0;11010500;0;1;0;80770000;
01.01.2013;2;M2;0;0;0;0;11010500;0;1;0;29062300;
01.01.2013;2;M3;0;0;0;0;11010500;0;1;0;53177700;
01.01.2013;2;M4;0;0;0;0;11010500;0;1;0;32220000;
01.01.2013;2;M5;0;0;0;0;11010500;0;1;0;66170000;
01.01.2013;2;M6;0;0;0;0;11010500;0;1;0;93170000;
01.01.2013;2;M7;0;0;0;0;11010500;0;1;0;7441700;
01.01.2013;2;M8;0;0;0;0;11010500;0;1;0;191010000;
01.01.2013;2;M9;0;0;0;0;11010500;0;1;0;214394700;
01.01.2013;2;M10;0;0;0;0;11010500;0;1;0;210855900;
01.01.2013;2;M11;0;0;0;0;11010500;0;1;0;211687200;
01.01.2013;2;M12;0;0;0;0;11010500;0;1;0;222583000;
01.01.2013;12;M1;0;0;0;0;11010500;0;1;1;256800000;
01.01.2013;12;M2;0;0;0;0;11010500;0;1;2;225981700;
01.01.2013;12;M3;0;0;0;0;11010500;0;1;3;193818300;
01.01.2013;12;M4;0;0;0;0;11010500;0;1;4;213800000;
01.01.2013;12;M5;0;0;0;0;11010500;0;1;5;232700000;
01.01.2013;12;M6;0;0;0;0;11010500;0;1;6;221500000;
01.01.2013;12;M7;0;0;0;0;11010500;0;1;7;182929200;
01.01.2013;12;M8;0;0;0;0;11010500;0;1;8;191010000;
01.01.2013;12;M9;0;0;0;0;11010500;0;1;9;214394700;
01.01.2013;12;M10;0;0;0;0;11010500;0;1;10;210855900;
01.01.2013;12;M11;0;0;0;0;11010500;0;1;11;211687200;
01.01.2013;12;M12;0;0;0;0;11010500;0;1;12;222583000;
01.01.2013;2;M1;0;0;0;0;11010400;0;1;0;256800000;
01.01.2013;2;M2;0;0;0;0;11010400;0;1;0;225981700;
01.01.2013;2;M3;0;0;0;0;11010400;0;1;0;193818300;
01.01.2013;2;M4;0;0;0;0;11010400;0;1;0;213800000;
01.01.2013;2;M5;0;0;0;0;11010400;0;1;0;232700000;
01.01.2013;2;M6;0;0;0;0;11010400;0;1;0;221500000;
01.01.2013;2;M7;0;0;0;0;11010400;0;1;0;182929200;
01.01.2013;2;M8;0;0;0;0;11010400;0;1;0;1842526800;
01.01.2013;2;M9;0;0;0;0;11010400;0;1;0;2014951900;
01.01.2013;2;M10;0;0;0;0;11010400;0;1;0;2131615000;
01.01.2013;2;M11;0;0;0;0;11010400;0;1;0;2222601100;
01.01.2013;2;M12;0;0;0;0;11010400;0;1;0;2187680800;
01.01.2013;12;M1;0;0;0;0;11010400;0;1;1;2704075300;
01.01.2013;12;M2;0;0;0;0;11010400;0;1;2;1901753600;
01.01.2013;12;M3;0;0;0;0;11010400;0;1;3;7078676600;
01.01.2013;12;M4;0;0;0;0;11010400;0;1;4;2406163800;
01.01.2013;12;M5;0;0;0;0;11010400;0;1;5;2938457700;
01.01.2013;12;M6;0;0;0;0;11010400;0;1;6;4872218500;
01.01.2013;12;M7;0;0;0;0;11010400;0;1;7;3248828900;
01.01.2013;12;M8;0;0;0;0;11010400;0;1;8;1842526800;
01.01.2013;12;M9;0;0;0;0;11010400;0;1;9;2014951900;
01.01.2013;12;M10;0;0;0;0;11010400;0;1;10;2131615000;
01.01.2013;12;M11;0;0;0;0;11010400;0;1;11;2222601100;
01.01.2013;12;M12;0;0;0;0;11010400;0;1;12;2187680800;
01.01.2013;2;M1;0;0;0;0;11010200;0;1;0;2704075300;
01.01.2013;2;M2;0;0;0;0;11010200;0;1;0;1901753600;
01.01.2013;2;M3;0;0;0;0;11010200;0;1;0;7078676600;
01.01.2013;2;M4;0;0;0;0;11010200;0;1;0;2406163800;
01.01.2013;2;M5;0;0;0;0;11010200;0;1;0;2938457700;
01.01.2013;2;M6;0;0;0;0;11010200;0;1;0;4872218500;
01.01.2013;2;M7;0;0;0;0;11010200;0;1;0;3248828900;
01.01.2013;2;M8;0;0;0;0;11010200;0;1;0;47612600;
01.01.2013;2;M9;0;0;0;0;11010200;0;1;0;49716400;
01.01.2013;2;M10;0;0;0;0;11010200;0;1;0;47865000;
01.01.2013;2;M11;0;0;0;0;11010200;0;1;0;49200000;
01.01.2013;2;M12;0;0;0;0;11010200;0;1;0;57386000;
01.01.2013;12;M1;0;0;0;0;11010200;0;1;1;58300000;
01.01.2013;12;M2;0;0;0;0;11010200;0;1;2;60100000;
01.01.2013;12;M3;0;0;0;0;11010200;0;1;3;61150000;
01.01.2013;12;M4;0;0;0;0;11010200;0;1;4;66850000;
01.01.2013;12;M5;0;0;0;0;11010200;0;1;5;67660000;
01.01.2013;12;M6;0;0;0;0;11010200;0;1;6;62870000;
01.01.2013;12;M7;0;0;0;0;11010200;0;1;7;75050000;
01.01.2013;12;M8;0;0;0;0;11010200;0;1;8;47612600;
01.01.2013;12;M9;0;0;0;0;11010200;0;1;9;49716400;
01.01.2013;12;M10;0;0;0;0;11010200;0;1;10;47865000;
01.01.2013;12;M11;0;0;0;0;11010200;0;1;11;49200000;
01.01.2013;12;M12;0;0;0;0;11010200;0;1;12;57386000;
01.01.2013;2;M1;0;0;0;0;11010100;0;1;0;58300000;
01.01.2013;2;M2;0;0;0;0;11010100;0;1;0;60100000;
01.01.2013;2;M3;0;0;0;0;11010100;0;1;0;61150000;
01.01.2013;2;M4;0;0;0;0;11010100;0;1;0;66850000;
01.01.2013;2;M5;0;0;0;0;11010100;0;1;0;67660000;
01.01.2013;2;M6;0;0;0;0;11010100;0;1;0;62870000;
01.01.2013;2;M7;0;0;0;0;11010100;0;1;0;75050000;
01.01.2013;2;M8;0;0;0;0;11010100;0;1;0;85660000;
01.01.2013;2;M9;0;0;0;0;11010100;0;1;0;218689960;
01.01.2013;2;M10;0;0;0;0;11010100;0;1;0;162089435;
01.01.2013;2;M11;0;0;0;0;11010100;0;1;0;195558981;
01.01.2013;2;M12;0;0;0;0;11010100;0;1;0;202492950;
01.01.2013;12;M1;0;0;0;0;11010100;0;1;1;213669290;
01.01.2013;12;M2;0;0;0;0;11010100;0;1;2;241808750;
01.01.2013;12;M3;0;0;0;0;11010100;0;1;3;255362391;
01.01.2013;12;M4;0;0;0;0;11010100;0;1;4;246111141;
01.01.2013;12;M5;0;0;0;0;11010100;0;1;5;275081370;
01.01.2013;12;M6;0;0;0;0;11010100;0;1;6;264047164;
01.01.2013;12;M7;0;0;0;0;11010100;0;1;7;274209535;
01.01.2013;12;M8;0;0;0;0;11010100;0;1;8;85660000;
01.01.2013;12;M9;0;0;0;0;11010100;0;1;9;218689960;
01.01.2013;12;M10;0;0;0;0;11010100;0;1;10;162089435;
01.01.2013;12;M11;0;0;0;0;11010100;0;1;11;195558981;
01.01.2013;12;M12;0;0;0;0;11010100;0;1;12;202492950;
01.01.2013;2;M1;0;0;0;0;50110000;0;7;0;213669290;
01.01.2013;2;M2;0;0;0;0;50110000;0;7;0;241808750;
01.01.2013;2;M3;0;0;0;0;50110000;0;7;0;255362391;
01.01.2013;2;M4;0;0;0;0;50110000;0;7;0;246111141;
01.01.2013;2;M5;0;0;0;0;50110000;0;7;0;275081370;
01.01.2013;2;M6;0;0;0;0;50110000;0;7;0;264047164;
01.01.2013;2;M7;0;0;0;0;50110000;0;7;0;274209535;
01.01.2013;2;M8;0;0;0;0;50110000;0;7;0;66464500;
01.01.2013;2;M9;0;0;0;0;50110000;0;7;0;103340000;
01.01.2013;2;M10;0;0;0;0;50110000;0;7;0;105551500;
01.01.2013;2;M11;0;0;0;0;50110000;0;7;0;102055500;
01.01.2013;2;M12;0;0;0;0;50110000;0;7;0;105554400;
01.01.2013;112;M1;0;0;0;0;50110000;0;7;1;83430000;
01.01.2013;112;M2;0;0;0;0;50110000;0;7;2;104100000;
01.01.2013;112;M3;0;0;0;0;50110000;0;7;3;91010000;
01.01.2013;112;M4;0;0;0;0;50110000;0;7;4;93228500;
01.01.2013;112;M5;0;0;0;0;50110000;0;7;5;92230000;
01.01.2013;112;M6;0;0;0;0;50110000;0;7;6;98060000;
01.01.2013;112;M7;0;0;0;0;50110000;0;7;7;96950000;
01.01.2013;112;M8;0;0;0;0;50110000;0;7;8;66464500;
01.01.2013;112;M9;0;0;0;0;50110000;0;7;9;103340000;
01.01.2013;112;M10;0;0;0;0;50110000;0;7;10;105551500;
01.01.2013;112;M11;0;0;0;0;50110000;0;7;11;102055500;
01.01.2013;112;M12;0;0;0;0;50110000;0;7;12;105554400;
01.01.2013;2;M1;0;0;0;0;41034400;0;7;0;83430000;
01.01.2013;2;M2;0;0;0;0;41034400;0;7;0;104100000;
01.01.2013;2;M3;0;0;0;0;41034400;0;7;0;91010000;
01.01.2013;2;M4;0;0;0;0;41034400;0;7;0;93228500;
01.01.2013;2;M5;0;0;0;0;41034400;0;7;0;92230000;
01.01.2013;2;M6;0;0;0;0;41034400;0;7;0;98060000;
01.01.2013;2;M7;0;0;0;0;41034400;0;7;0;96950000;
01.01.2013;2;M8;0;0;0;0;41034400;0;7;0;156000000;
01.01.2013;2;M9;0;0;0;0;41034400;0;7;0;156000000;
01.01.2013;2;M10;0;0;0;0;41034400;0;7;0;1797000;
01.01.2013;2;M11;0;0;0;0;41034400;0;7;0;1182100;
01.01.2013;2;M12;0;0;0;0;41034400;0;7;0;2334900;
01.01.2013;112;M1;0;0;0;0;41034400;0;7;1;1483500;
01.01.2013;112;M2;0;0;0;0;41034400;0;7;2;1318600;
01.01.2013;112;M3;0;0;0;0;41034400;0;7;3;2456200;
01.01.2013;112;M4;0;0;0;0;41034400;0;7;4;1908200;
01.01.2013;112;M5;0;0;0;0;41034400;0;7;5;2103500;
01.01.2013;112;M6;0;0;0;0;41034400;0;7;6;1854000;
01.01.2013;112;M7;0;0;0;0;41034400;0;7;7;1854000;
01.01.2013;112;M8;0;0;0;0;41034400;0;7;8;1854000;
01.01.2013;112;M9;0;0;0;0;41034400;0;7;9;1854000;
01.01.2013;112;M10;0;0;0;0;41034400;0;7;10;1797000;
01.01.2013;112;M11;0;0;0;0;41034400;0;7;11;1182100;
01.01.2013;112;M12;0;0;0;0;41034400;0;7;12;2334900;
01.01.2013;2;M1;0;0;0;0;41035000;0;1;0;1483500;
01.01.2013;2;M2;0;0;0;0;41035000;0;1;0;1318600;
01.01.2013;2;M3;0;0;0;0;41035000;0;1;0;2456200;
01.01.2013;2;M4;0;0;0;0;41035000;0;1;0;1908200;
01.01.2013;2;M5;0;0;0;0;41035000;0;1;0;2103500;
01.01.2013;2;M6;0;0;0;0;41035000;0;1;0;1854000;
01.01.2013;2;M7;0;0;0;0;41035000;0;1;0;1854000;
01.01.2013;2;M8;0;0;0;0;41035000;0;1;0;1854000;
01.01.2013;2;M9;0;0;0;0;41035000;0;1;0;1854000;
01.01.2013;2;M10;0;0;0;0;41035000;0;1;0;4661000;
01.01.2013;2;M11;0;0;0;0;41035000;0;1;0;2138600;
01.01.2013;2;M12;0;0;0;0;41035000;0;1;0;5336600;
01.01.2013;12;M1;0;0;0;0;41035000;0;1;1;8256800;
01.01.2013;12;M2;0;0;0;0;41035000;0;1;2;9998100;
01.01.2013;12;M3;0;0;0;0;41035000;0;1;3;7611900;
01.01.2013;12;M4;0;0;0;0;41035000;0;1;4;31097000;
01.01.2013;12;M5;0;0;0;0;41035000;0;1;5;12400000;
01.01.2013;12;M6;0;0;0;0;41035000;0;1;6;12500000;
01.01.2013;12;M7;0;0;0;0;41035000;0;1;7;10000000;
01.01.2013;12;M8;0;0;0;0;41035000;0;1;8;11000000;
01.01.2013;12;M9;0;0;0;0;41035000;0;1;9;4661000;
01.01.2013;12;M10;0;0;0;0;41035000;0;1;10;2138600;
01.01.2013;12;M11;0;0;0;0;41035000;0;1;11;5336600;
01.01.2013;12;M12;0;0;0;0;41035000;0;1;12;8256800;
01.01.2013;2;M7;0;0;0;0;41035000;0;7;0;9998100;
01.01.2013;112;M7;0;0;0;0;41035000;0;7;7;7611900;
01.01.2013;2;M1;0;0;0;0;18041500;0;7;0;31097000;
01.01.2013;2;M2;0;0;0;0;18041500;0;7;0;12400000;
01.01.2013;2;M3;0;0;0;0;18041500;0;7;0;12500000;
01.01.2013;2;M4;0;0;0;0;18041500;0;7;0;10000000;
01.01.2013;2;M5;0;0;0;0;18041500;0;7;0;11000000;
01.01.2013;2;M6;0;0;0;0;18041500;0;7;0;3875000;
01.01.2013;2;M7;0;0;0;0;18041500;0;7;0;9935000;
01.01.2013;2;M8;0;0;0;0;18041500;0;7;0;6650000;
01.01.2013;2;M9;0;0;0;0;18041500;0;7;0;31508200;
01.01.2013;2;M10;0;0;0;0;18041500;0;7;0;32963400;
01.01.2013;2;M11;0;0;0;0;18041500;0;7;0;8425400;
01.01.2013;2;M12;0;0;0;0;18041500;0;7;0;36018000;
01.01.2013;112;M1;0;0;0;0;18041500;0;7;1;140425000;
01.01.2013;112;M2;0;0;0;0;18041500;0;7;2;42000000;
01.01.2013;112;M3;0;0;0;0;18041500;0;7;3;43000000;
01.01.2013;112;M4;0;0;0;0;18041500;0;7;4;39000000;
01.01.2013;112;M5;0;0;0;0;18041500;0;7;5;41200000;
01.01.2013;112;M6;0;0;0;0;18041500;0;7;6;3875000;
01.01.2013;112;M7;0;0;0;0;18041500;0;7;7;9935000;
01.01.2013;112;M8;0;0;0;0;18041500;0;7;8;6650000;
01.01.2013;112;M9;0;0;0;0;18041500;0;7;9;31508200;
01.01.2013;112;M10;0;0;0;0;18041500;0;7;10;32963400;
01.01.2013;112;M11;0;0;0;0;18041500;0;7;11;8425400;
01.01.2013;112;M12;0;0;0;0;18041500;0;7;12;36018000;
01.01.2013;2;M1;0;0;0;0;12030100;0;7;0;140425000;
01.01.2013;2;M2;0;0;0;0;12030100;0;7;0;42000000;
01.01.2013;2;M3;0;0;0;0;12030100;0;7;0;43000000;
01.01.2013;2;M5;0;0;0;0;12030100;0;7;0;39000000;
01.01.2013;2;M6;0;0;0;0;12030100;0;7;0;41200000;
01.01.2013;2;M7;0;0;0;0;12030100;0;7;0;456000;
01.01.2013;2;M8;0;0;0;0;12030100;0;7;0;833000;
01.01.2013;2;M9;0;0;0;0;12030100;0;7;0;40000;
01.01.2013;2;M10;0;0;0;0;12030100;0;7;0;761000;
01.01.2013;2;M11;0;0;0;0;12030100;0;7;0;510000;
01.01.2013;2;M12;0;0;0;0;12030100;0;7;0;20000;
01.01.2013;112;M1;0;0;0;0;12030100;0;7;1;500000;
01.01.2013;112;M2;0;0;0;0;12030100;0;7;2;830000;
01.01.2013;112;M3;0;0;0;0;12030100;0;7;3;15000;
01.01.2013;112;M5;0;0;0;0;12030100;0;7;5;390000;
01.01.2013;112;M6;0;0;0;0;12030100;0;7;6;820000;
01.01.2013;112;M7;0;0;0;0;12030100;0;7;7;25000;
01.01.2013;112;M8;0;0;0;0;12030100;0;7;8;456000;
01.01.2013;112;M9;0;0;0;0;12030100;0;7;9;833000;
01.01.2013;112;M10;0;0;0;0;12030100;0;7;10;40000;
01.01.2013;112;M11;0;0;0;0;12030100;0;7;11;761000;
01.01.2013;112;M12;0;0;0;0;12030100;0;7;12;510000;
01.01.2013;2;M1;0;0;0;0;12030200;0;7;0;20000;
01.01.2013;2;M2;0;0;0;0;12030200;0;7;0;500000;
01.01.2013;2;M3;0;0;0;0;12030200;0;7;0;830000;
01.01.2013;2;M4;0;0;0;0;12030200;0;7;0;15000;
01.01.2013;2;M5;0;0;0;0;12030200;0;7;0;390000;
01.01.2013;2;M6;0;0;0;0;12030200;0;7;0;820000;
01.01.2013;2;M7;0;0;0;0;12030200;0;7;0;25000;
01.01.2013;2;M8;0;0;0;0;12030200;0;7;0;5100;
01.01.2013;2;M9;0;0;0;0;12030200;0;7;0;2380000;
01.01.2013;2;M10;0;0;0;0;12030200;0;7;0;15000;
01.01.2013;2;M11;0;0;0;0;12030200;0;7;0;1206000;
01.01.2013;2;M12;0;0;0;0;12030200;0;7;0;1224500;
01.01.2013;112;M1;0;0;0;0;12030200;0;7;1;10900;
01.01.2013;112;M2;0;0;0;0;12030200;0;7;2;5500;
01.01.2013;112;M3;0;0;0;0;12030200;0;7;3;2390000;
01.01.2013;112;M4;0;0;0;0;12030200;0;7;4;98000;
01.01.2013;112;M5;0;0;0;0;12030200;0;7;5;7400;
01.01.2013;112;M6;0;0;0;0;12030200;0;7;6;2560000;
01.01.2013;112;M7;0;0;0;0;12030200;0;7;7;97600;
01.01.2013;112;M8;0;0;0;0;12030200;0;7;8;5100;
01.01.2013;112;M9;0;0;0;0;12030200;0;7;9;2380000;
01.01.2013;112;M10;0;0;0;0;12030200;0;7;10;15000;
01.01.2013;112;M11;0;0;0;0;12030200;0;7;11;1206000;
01.01.2013;112;M12;0;0;0;0;12030200;0;7;12;1224500;
01.01.2013;2;M1;0;0;0;0;19010300;0;7;0;10900;
01.01.2013;2;M2;0;0;0;0;19010300;0;7;0;5500;
01.01.2013;2;M3;0;0;0;0;19010300;0;7;0;2390000;
01.01.2013;2;M4;0;0;0;0;19010300;0;7;0;98000;
01.01.2013;2;M5;0;0;0;0;19010300;0;7;0;7400;
01.01.2013;2;M6;0;0;0;0;19010300;0;7;0;2560000;
01.01.2013;2;M7;0;0;0;0;19010300;0;7;0;97600;
01.01.2013;2;M8;0;0;0;0;19010300;0;7;0;1280000;
01.01.2013;2;M9;0;0;0;0;19010300;0;7;0;10916700;
01.01.2013;2;M10;0;0;0;0;19010300;0;7;0;1256000;
01.01.2013;2;M11;0;0;0;0;19010300;0;7;0;1180000;
01.01.2013;2;M12;0;0;0;0;19010300;0;7;0;1460000;
01.01.2013;112;M1;0;0;0;0;19010300;0;7;1;280000;
01.01.2013;112;M2;0;0;0;0;19010300;0;7;2;485800;
01.01.2013;112;M3;0;0;0;0;19010300;0;7;3;6100000;
01.01.2013;112;M4;0;0;0;0;19010300;0;7;4;370000;
01.01.2013;112;M5;0;0;0;0;19010300;0;7;5;1392400;
01.01.2013;112;M6;0;0;0;0;19010300;0;7;6;6650000;
01.01.2013;112;M7;0;0;0;0;19010300;0;7;7;429100;
01.01.2013;112;M8;0;0;0;0;19010300;0;7;8;1280000;
01.01.2013;112;M9;0;0;0;0;19010300;0;7;9;10916700;
01.01.2013;112;M10;0;0;0;0;19010300;0;7;10;1256000;
01.01.2013;112;M11;0;0;0;0;19010300;0;7;11;1180000;
01.01.2013;112;M12;0;0;0;0;19010300;0;7;12;1460000;
01.01.2013;2;M1;0;0;0;0;19010200;0;7;0;280000;
01.01.2013;2;M2;0;0;0;0;19010200;0;7;0;485800;
01.01.2013;2;M3;0;0;0;0;19010200;0;7;0;6100000;
01.01.2013;2;M4;0;0;0;0;19010200;0;7;0;370000;
01.01.2013;2;M5;0;0;0;0;19010200;0;7;0;1392400;
01.01.2013;2;M6;0;0;0;0;19010200;0;7;0;6650000;
01.01.2013;2;M7;0;0;0;0;19010200;0;7;0;429100;
01.01.2013;2;M8;0;0;0;0;19010200;0;7;0;184000;
01.01.2013;2;M9;0;0;0;0;19010200;0;7;0;2820000;
01.01.2013;2;M10;0;0;0;0;19010200;0;7;0;136000;
01.01.2013;2;M11;0;0;0;0;19010200;0;7;0;181300;
01.01.2013;2;M12;0;0;0;0;19010200;0;7;0;300000;
01.01.2013;112;M1;0;0;0;0;19010200;0;7;1;18600;
01.01.2013;112;M2;0;0;0;0;19010200;0;7;2;251100;
01.01.2013;112;M3;0;0;0;0;19010200;0;7;3;115000;
01.01.2013;112;M4;0;0;0;0;19010200;0;7;4;497000;
01.01.2013;112;M5;0;0;0;0;19010200;0;7;5;497000;
01.01.2013;112;M6;0;0;0;0;19010200;0;7;6;500000;
01.01.2013;112;M7;0;0;0;0;19010200;0;7;7;184000;
01.01.2013;112;M8;0;0;0;0;19010200;0;7;8;2820000;
01.01.2013;112;M9;0;0;0;0;19010200;0;7;9;136000;
01.01.2013;112;M10;0;0;0;0;19010200;0;7;10;181300;
01.01.2013;112;M11;0;0;0;0;19010200;0;7;11;300000;
01.01.2013;112;M12;0;0;0;0;19010200;0;7;12;18600;
01.01.2013;2;M1;0;0;0;0;19010100;0;7;0;251100;
01.01.2013;2;M2;0;0;0;0;19010100;0;7;0;115000;
01.01.2013;2;M3;0;0;0;0;19010100;0;7;0;497000;
01.01.2013;2;M4;0;0;0;0;19010100;0;7;0;497000;
01.01.2013;2;M5;0;0;0;0;19010100;0;7;0;500000;
01.01.2013;2;M6;0;0;0;0;19010100;0;7;0;52910000;
01.01.2013;2;M7;0;0;0;0;19010100;0;7;0;34090000;
01.01.2013;2;M8;0;0;0;0;19010100;0;7;0;35100000;
01.01.2013;2;M9;0;0;0;0;19010100;0;7;0;21790800;
01.01.2013;2;M10;0;0;0;0;19010100;0;7;0;13203000;
01.01.2013;2;M11;0;0;0;0;19010100;0;7;0;41487300;
01.01.2013;2;M12;0;0;0;0;19010100;0;7;0;14173500;
01.01.2013;112;M1;0;0;0;0;19010100;0;7;1;89245400;
01.01.2013;112;M2;0;0;0;0;19010100;0;7;2;10000000;
01.01.2013;112;M3;0;0;0;0;19010100;0;7;3;11000000;
01.01.2013;112;M4;0;0;0;0;19010100;0;7;4;12000000;
01.01.2013;112;M5;0;0;0;0;19010100;0;7;5;15000000;
01.01.2013;112;M6;0;0;0;0;19010100;0;7;6;52910000;
01.01.2013;112;M7;0;0;0;0;19010100;0;7;7;34090000;
01.01.2013;112;M8;0;0;0;0;19010100;0;7;8;35100000;
01.01.2013;112;M9;0;0;0;0;19010100;0;7;9;21790800;
01.01.2013;112;M10;0;0;0;0;19010100;0;7;10;13203000;
01.01.2013;112;M11;0;0;0;0;19010100;0;7;11;41487300;
01.01.2013;112;M12;0;0;0;0;19010100;0;7;12;14173500;
01.01.2013;2;M1;0;0;0;0;24062100;0;7;0;89245400;
01.01.2013;2;M2;0;0;0;0;24062100;0;7;0;10000000;
01.01.2013;2;M3;0;0;0;0;24062100;0;7;0;11000000;
01.01.2013;2;M4;0;0;0;0;24062100;0;7;0;12000000;
01.01.2013;2;M5;0;0;0;0;24062100;0;7;0;15000000;
01.01.2013;2;M6;0;0;0;0;24062100;0;7;0;230000;
01.01.2013;2;M7;0;0;0;0;24062100;0;7;0;520000;
01.01.2013;2;M9;0;0;0;0;24062100;0;7;0;650000;
01.01.2013;2;M10;0;0;0;0;24062100;0;7;0;650000;
01.01.2013;2;M11;0;0;0;0;24062100;0;7;0;650000;
01.01.2013;2;M12;0;0;0;0;24062100;0;7;0;650000;
01.01.2013;112;M1;0;0;0;0;24062100;0;7;1;650000;
01.01.2013;112;M2;0;0;0;0;24062100;0;7;2;230000;
01.01.2013;112;M3;0;0;0;0;24062100;0;7;3;520000;
01.01.2013;112;M4;0;0;0;0;24062100;0;7;4;650000;
01.01.2013;112;M5;0;0;0;0;24062100;0;7;5;650000;
01.01.2013;112;M6;0;0;0;0;24062100;0;7;6;650000;
01.01.2013;112;M7;0;0;0;0;24062100;0;7;7;650000;
01.01.2013;112;M9;0;0;0;0;24062100;0;7;9;650000;
01.01.2013;112;M10;0;0;0;0;24062100;0;7;10;1060000;
01.01.2013;112;M11;0;0;0;0;24062100;0;7;11;393100;
01.01.2013;112;M12;0;0;0;0;24062100;0;7;12;280000;
01.01.2013;2;M1;0;0;0;0;24170000;0;7;0;1621600;
01.01.2013;2;M2;0;0;0;0;24170000;0;7;0;258400;
01.01.2013;2;M3;0;0;0;0;24170000;0;7;0;1100000;
01.01.2013;2;M4;0;0;0;0;24170000;0;7;0;1030000;
01.01.2013;2;M5;0;0;0;0;24170000;0;7;0;145000;
01.01.2013;2;M6;0;0;0;0;24170000;0;7;0;170000;
01.01.2013;2;M7;0;0;0;0;24170000;0;7;0;1691900;
01.01.2013;2;M8;0;0;0;0;24170000;0;7;0;100000;
01.01.2013;2;M9;0;0;0;0;24170000;0;7;0;150000;
01.01.2013;2;M10;0;0;0;0;24170000;0;7;0;1060000;
01.01.2013;2;M11;0;0;0;0;24170000;0;7;0;393100;
01.01.2013;2;M12;0;0;0;0;24170000;0;7;0;280000;
01.01.2013;112;M1;0;0;0;0;24170000;0;7;1;1621600;
01.01.2013;112;M2;0;0;0;0;24170000;0;7;2;258400;
01.01.2013;112;M3;0;0;0;0;24170000;0;7;3;1100000;
01.01.2013;112;M4;0;0;0;0;24170000;0;7;4;1030000;
01.01.2013;112;M5;0;0;0;0;24170000;0;7;5;145000;
01.01.2013;112;M6;0;0;0;0;24170000;0;7;6;170000;
01.01.2013;112;M7;0;0;0;0;24170000;0;7;7;1691900;
01.01.2013;112;M8;0;0;0;0;24170000;0;7;8;100000;
01.01.2013;112;M9;0;0;0;0;24170000;0;7;9;150000;
01.01.2013;112;M10;0;0;0;0;24170000;0;7;10;777440000;
01.01.2013;112;M11;0;0;0;0;24170000;0;7;11;865447100;
01.01.2013;112;M12;0;0;0;0;24170000;0;7;12;403417200;
01.01.2013;2;M6;0;0;0;0;18010200;0;7;0;781245300;
01.01.2013;2;M7;0;0;0;0;18010200;0;7;0;722760000;
01.01.2013;2;M8;0;0;0;0;18010200;0;7;0;454852900;
01.01.2013;2;M9;0;0;0;0;18010200;0;7;0;998400000;
01.01.2013;2;M10;0;0;0;0;18010200;0;7;0;1086200000;
01.01.2013;2;M11;0;0;0;0;18010200;0;7;0;436836300;
01.01.2013;2;M12;0;0;0;0;18010200;0;7;0;731817000;
01.01.2013;112;M6;0;0;0;0;18010200;0;7;6;1012560000;
01.01.2013;112;M7;0;0;0;0;18010200;0;7;7;760000000;
01.01.2013;112;M8;0;0;0;0;18010200;0;7;8;777440000;
01.01.2013;112;M9;0;0;0;0;18010200;0;7;9;865447100;
01.01.2013;112;M10;0;0;0;0;18010200;0;7;10;403417200;
01.01.2013;112;M11;0;0;0;0;18010200;0;7;11;781245300;
01.01.2013;112;M12;0;0;0;0;18010200;0;7;12;722760000;
01.01.2013;2;M1;0;0;0;0;18010100;0;7;0;454852900;
01.01.2013;2;M2;0;0;0;0;18010100;0;7;0;998400000;
01.01.2013;2;M3;0;0;0;0;18010100;0;7;0;1086200000;
01.01.2013;2;M4;0;0;0;0;18010100;0;7;0;436836300;
01.01.2013;2;M5;0;0;0;0;18010100;0;7;0;731817000;
01.01.2013;2;M6;0;0;0;0;18010100;0;7;0;1012560000;
01.01.2013;2;M7;0;0;0;0;18010100;0;7;0;760000000;
01.01.2013;2;M8;0;0;0;0;18010100;0;7;0;184000000;
01.01.2013;2;M9;0;0;0;0;18010100;0;7;0;161584100;
01.01.2013;2;M10;0;0;0;0;18010100;0;7;0;120220400;
01.01.2013;2;M11;0;0;0;0;18010100;0;7;0;239897500;
01.01.2013;2;M12;0;0;0;0;18010100;0;7;0;307488300;
01.01.2013;112;M1;0;0;0;0;18010100;0;7;1;129406300;
01.01.2013;112;M2;0;0;0;0;18010100;0;7;2;292157600;
01.01.2013;112;M3;0;0;0;0;18010100;0;7;3;729742400;
01.01.2013;112;M4;0;0;0;0;18010100;0;7;4;134000000;
01.01.2013;112;M5;0;0;0;0;18010100;0;7;5;150050000;
01.01.2013;112;M6;0;0;0;0;18010100;0;7;6;339048100;
01.01.2013;112;M7;0;0;0;0;18010100;0;7;7;181429500;
01.01.2013;112;M8;0;0;0;0;18010100;0;7;8;184000000;
01.01.2013;112;M9;0;0;0;0;18010100;0;7;9;161584100;
01.01.2013;112;M10;0;0;0;0;18010100;0;7;10;120220400;
01.01.2013;112;M11;0;0;0;0;18010100;0;7;11;239897500;
01.01.2013;112;M12;0;0;0;0;18010100;0;7;12;307488300;
01.01.2013;2;M1;0;0;0;0;18050400;0;7;0;129406300;
01.01.2013;2;M2;0;0;0;0;18050400;0;7;0;292157600;
01.01.2013;2;M3;0;0;0;0;18050400;0;7;0;729742400;
01.01.2013;2;M4;0;0;0;0;18050400;0;7;0;134000000;
01.01.2013;2;M5;0;0;0;0;18050400;0;7;0;150050000;
01.01.2013;2;M6;0;0;0;0;18050400;0;7;0;339048100;
01.01.2013;2;M7;0;0;0;0;18050400;0;7;0;181429500;
01.01.2013;2;M8;0;0;0;0;18050400;0;7;0;1522200;
01.01.2013;2;M9;0;0;0;0;18050400;0;7;0;113026500;
01.01.2013;2;M10;0;0;0;0;18050400;0;7;0;116816500;
01.01.2013;2;M11;0;0;0;0;18050400;0;7;0;179377800;
01.01.2013;2;M12;0;0;0;0;18050400;0;7;0;104630000;
01.01.2013;112;M1;0;0;0;0;18050400;0;7;1;434372400;
01.01.2013;112;M2;0;0;0;0;18050400;0;7;2;360454100;
01.01.2013;112;M3;0;0;0;0;18050400;0;7;3;2424761200;
01.01.2013;112;M4;0;0;0;0;18050400;0;7;4;518041300;
01.01.2013;112;M5;0;0;0;0;18050400;0;7;5;518041300;
01.01.2013;112;M6;0;0;0;0;18050400;0;7;6;518041300;
01.01.2013;112;M7;0;0;0;0;18050400;0;7;7;523089900;
01.01.2013;112;M8;0;0;0;0;18050400;0;7;8;1522200;
01.01.2013;112;M9;0;0;0;0;18050400;0;7;9;113026500;
01.01.2013;112;M10;0;0;0;0;18050400;0;7;10;116816500;
01.01.2013;112;M11;0;0;0;0;18050400;0;7;11;179377800;
01.01.2013;112;M12;0;0;0;0;18050400;0;7;12;104630000;
01.01.2013;2;M1;0;0;0;0;18050300;0;7;0;434372400;
01.01.2013;2;M2;0;0;0;0;18050300;0;7;0;360454100;
01.01.2013;2;M3;0;0;0;0;18050300;0;7;0;2424761200;
01.01.2013;2;M4;0;0;0;0;18050300;0;7;0;518041300;
01.01.2013;2;M5;0;0;0;0;18050300;0;7;0;518041300;
01.01.2013;2;M6;0;0;0;0;18050300;0;7;0;518041300;
01.01.2013;2;M7;0;0;0;0;18050300;0;7;0;523089900;
01.01.2013;2;M8;0;0;0;0;18050300;0;7;0;3400;
01.01.2013;2;M9;0;0;0;0;18050300;0;7;0;23696600;
01.01.2013;2;M10;0;0;0;0;18050300;0;7;0;60000000;
01.01.2013;2;M11;0;0;0;0;18050300;0;7;0;21799000;
01.01.2013;2;M12;0;0;0;0;18050300;0;7;0;156901000;
01.01.2013;112;M1;0;0;0;0;18050300;0;7;1;4500000;
01.01.2013;112;M2;0;0;0;0;18050300;0;7;2;2400000;
01.01.2013;112;M3;0;0;0;0;18050300;0;7;3;7500000;
01.01.2013;112;M4;0;0;0;0;18050300;0;7;4;10000000;
01.01.2013;112;M5;0;0;0;0;18050300;0;7;5;33200000;
01.01.2013;112;M6;0;0;0;0;18050300;0;7;6;50000000;
01.01.2013;112;M7;0;0;0;0;18050300;0;7;7;30000000;
01.01.2013;112;M8;0;0;0;0;18050300;0;7;8;3400;
01.01.2013;112;M9;0;0;0;0;18050300;0;7;9;23696600;
01.01.2013;112;M10;0;0;0;0;18050300;0;7;10;60000000;
01.01.2013;112;M11;0;0;0;0;18050300;0;7;11;21799000;
01.01.2013;112;M12;0;0;0;0;18050300;0;7;12;156901000;
01.01.2013;2;M1;0;0;0;0;33010100;0;7;0;4500000;
01.01.2013;2;M2;0;0;0;0;33010100;0;7;0;2400000;
01.01.2013;2;M3;0;0;0;0;33010100;0;7;0;7500000;
01.01.2013;2;M4;0;0;0;0;33010100;0;7;0;10000000;
01.01.2013;2;M5;0;0;0;0;33010100;0;7;0;33200000;
01.01.2013;2;M6;0;0;0;0;33010100;0;7;0;50000000;
01.01.2013;2;M7;0;0;0;0;33010100;0;7;0;30000000;
01.01.2013;2;M8;0;0;0;0;33010100;0;7;0;1388122700;
01.01.2013;2;M9;0;0;0;0;33010100;0;7;0;1388122700;
01.01.2013;2;M10;0;0;0;0;33010100;0;7;0;7013100;
01.01.2013;2;M11;0;0;0;0;33010100;0;7;0;6750000;
01.01.2013;2;M12;0;0;0;0;33010100;0;7;0;8170000;
01.01.2013;112;M1;0;0;0;0;33010100;0;7;1;7500000;
01.01.2013;112;M2;0;0;0;0;33010100;0;7;2;7620000;
01.01.2013;112;M3;0;0;0;0;33010100;0;7;3;6330000;
01.01.2013;112;M4;0;0;0;0;33010100;0;7;4;7730000;
01.01.2013;112;M5;0;0;0;0;33010100;0;7;5;7940000;
01.01.2013;112;M6;0;0;0;0;33010100;0;7;6;7960000;
01.01.2013;112;M7;0;0;0;0;33010100;0;7;7;7970000;
01.01.2013;112;M8;0;0;0;0;33010100;0;7;8;8950000;
01.01.2013;112;M9;0;0;0;0;33010100;0;7;9;8376900;
01.01.2013;112;M10;0;0;0;0;33010100;0;7;10;7013100;
01.01.2013;112;M11;0;0;0;0;33010100;0;7;11;6750000;
01.01.2013;112;M12;0;0;0;0;33010100;0;7;12;8170000;
01.01.2013;2;M1;0;0;0;0;31030000;0;7;0;7500000;
01.01.2013;2;M2;0;0;0;0;31030000;0;7;0;7620000;
01.01.2013;2;M3;0;0;0;0;31030000;0;7;0;6330000;
01.01.2013;2;M4;0;0;0;0;31030000;0;7;0;7730000;
01.01.2013;2;M5;0;0;0;0;31030000;0;7;0;7940000;
01.01.2013;2;M6;0;0;0;0;31030000;0;7;0;7960000;
01.01.2013;2;M7;0;0;0;0;31030000;0;7;0;7970000;
01.01.2013;2;M8;0;0;0;0;31030000;0;7;0;8950000;
01.01.2013;2;M9;0;0;0;0;31030000;0;7;0;8376900;
01.01.2013;2;M10;0;0;0;0;31030000;0;7;0;1090868200;
01.01.2013;2;M11;0;0;0;0;31030000;0;7;0;1090868200;
01.01.2013;2;M12;0;0;0;0;31030000;0;7;0;1090868200;
01.01.2013;112;M1;0;0;0;0;31030000;0;7;1;1149914800;
01.01.2013;112;M2;0;0;0;0;31030000;0;7;2;1159252229;
01.01.2013;112;M3;0;0;0;0;31030000;0;7;3;1149914800;
01.01.2013;112;M4;0;0;0;0;31030000;0;7;4;1092189800;
01.01.2013;112;M5;0;0;0;0;31030000;0;7;5;1092189800;
01.01.2013;112;M6;0;0;0;0;31030000;0;7;6;1317703900;
01.01.2013;112;M7;0;0;0;0;31030000;0;7;7;1167189800;
01.01.2013;112;M8;0;0;0;0;31030000;0;7;8;1167189800;
01.01.2013;112;M9;0;0;0;0;31030000;0;7;9;1138712000;
01.01.2013;112;M10;0;0;0;0;31030000;0;7;10;1090868200;
01.01.2013;112;M11;0;0;0;0;31030000;0;7;11;1090868200;
01.01.2013;112;M12;0;0;0;0;31030000;0;7;12;1090868200;
01.01.2013;2;M2;0;0;0;0;41036600;0;7;0;1149914800;
01.01.2013;112;M2;0;0;0;0;41036600;0;7;2;1159252229;
01.01.2013;2;M1;0;0;0;0;41035800;0;1;0;1149914800;
01.01.2013;2;M2;0;0;0;0;41035800;0;1;0;1092189800;
01.01.2013;2;M3;0;0;0;0;41035800;0;1;0;1092189800;
01.01.2013;2;M4;0;0;0;0;41035800;0;1;0;1317703900;
01.01.2013;2;M5;0;0;0;0;41035800;0;1;0;1167189800;
01.01.2013;2;M6;0;0;0;0;41035800;0;1;0;1167189800;
01.01.2013;2;M7;0;0;0;0;41035800;0;1;0;1138712000;
01.01.2013;2;M8;0;0;0;0;41035800;0;1;0;13230000;
01.01.2013;2;M9;0;0;0;0;41035800;0;1;0;14460000;
01.01.2013;2;M10;0;0;0;0;41035800;0;1;0;11440000;
01.01.2013;2;M11;0;0;0;0;41035800;0;1;0;8970000;
01.01.2013;2;M12;0;0;0;0;41035800;0;1;0;13230000;
01.01.2013;12;M1;0;0;0;0;41035800;0;1;1;14460000;
01.01.2013;12;M2;0;0;0;0;41035800;0;1;2;11440000;
01.01.2013;12;M3;0;0;0;0;41035800;0;1;3;8970000;
01.01.2013;12;M4;0;0;0;0;41035800;0;1;4;140000;
01.01.2013;12;M5;0;0;0;0;41035800;0;1;5;82600;
01.01.2013;12;M6;0;0;0;0;41035800;0;1;6;353500;
01.01.2013;12;M7;0;0;0;0;41035800;0;1;7;665800;
01.01.2013;12;M8;0;0;0;0;41035800;0;1;8;740800;
01.01.2013;12;M9;0;0;0;0;41035800;0;1;9;702500;
01.01.2013;12;M10;0;0;0;0;41035800;0;1;10;418900;
01.01.2013;12;M11;0;0;0;0;41035800;0;1;11;276800;
01.01.2013;12;M12;0;0;0;0;41035800;0;1;12;159900;
01.01.2013;2;M1;0;0;0;0;41035200;0;1;0;114600;
01.01.2013;2;M2;0;0;0;0;41035200;0;1;0;100400;
01.01.2013;2;M3;0;0;0;0;41035200;0;1;0;214200;
01.01.2013;2;M4;0;0;0;0;41035200;0;1;0;140000;
01.01.2013;2;M5;0;0;0;0;41035200;0;1;0;82600;
01.01.2013;2;M6;0;0;0;0;41035200;0;1;0;353500;
01.01.2013;2;M7;0;0;0;0;41035200;0;1;0;665800;
01.01.2013;2;M8;0;0;0;0;41035200;0;1;0;740800;
01.01.2013;2;M9;0;0;0;0;41035200;0;1;0;702500;
01.01.2013;2;M10;0;0;0;0;41035200;0;1;0;418900;
01.01.2013;2;M11;0;0;0;0;41035200;0;1;0;276800;
01.01.2013;2;M12;0;0;0;0;41035200;0;1;0;159900;
01.01.2013;12;M1;0;0;0;0;41035200;0;1;1;114600;
01.01.2013;12;M2;0;0;0;0;41035200;0;1;2;100400;
01.01.2013;12;M3;0;0;0;0;41035200;0;1;3;214200;
01.01.2013;12;M4;0;0;0;0;41035200;0;1;4;205192100;
01.01.2013;12;M5;0;0;0;0;41035200;0;1;5;405623700;
01.01.2013;12;M6;0;0;0;0;41035200;0;1;6;412296800;
01.01.2013;12;M7;0;0;0;0;41035200;0;1;7;459230500;
01.01.2013;12;M8;0;0;0;0;41035200;0;1;8;446456700;
01.01.2013;12;M9;0;0;0;0;41035200;0;1;9;459230500;
01.01.2013;12;M10;0;0;0;0;41035200;0;1;10;299770700;
01.01.2013;12;M11;0;0;0;0;41035200;0;1;11;419359600;
01.01.2013;12;M12;0;0;0;0;41035200;0;1;12;419359600;
01.01.2013;2;M9;0;0;0;0;41034800;0;1;0;419551800;
01.01.2013;2;M10;0;0;0;0;41034800;0;1;0;425468000;
01.01.2013;2;M11;0;0;0;0;41034800;0;1;0;389337600;
01.01.2013;2;M12;0;0;0;0;41034800;0;1;0;205192100;
01.01.2013;12;M9;0;0;0;0;41034800;0;1;9;405623700;
01.01.2013;12;M10;0;0;0;0;41034800;0;1;10;412296800;
01.01.2013;12;M11;0;0;0;0;41034800;0;1;11;459230500;
01.01.2013;12;M12;0;0;0;0;41034800;0;1;12;446456700;
01.01.2013;2;M1;0;0;0;0;41031000;0;1;0;459230500;
01.01.2013;2;M2;0;0;0;0;41031000;0;1;0;299770700;
01.01.2013;2;M3;0;0;0;0;41031000;0;1;0;419359600;
01.01.2013;2;M4;0;0;0;0;41031000;0;1;0;419359600;
01.01.2013;2;M5;0;0;0;0;41031000;0;1;0;419551800;
01.01.2013;2;M6;0;0;0;0;41031000;0;1;0;425468000;
01.01.2013;2;M7;0;0;0;0;41031000;0;1;0;389337600;
01.01.2013;2;M8;0;0;0;0;41031000;0;1;0;793378700;
01.01.2013;2;M9;0;0;0;0;41031000;0;1;0;1084555100;
01.01.2013;2;M10;0;0;0;0;41031000;0;1;0;1630775600;
01.01.2013;2;M11;0;0;0;0;41031000;0;1;0;1460075700;
01.01.2013;2;M12;0;0;0;0;41031000;0;1;0;759935100;
01.01.2013;12;M1;0;0;0;0;41031000;0;1;1;477091100;
01.01.2013;12;M2;0;0;0;0;41031000;0;1;2;444438200;
01.01.2013;12;M3;0;0;0;0;41031000;0;1;3;460812300;
01.01.2013;12;M4;0;0;0;0;41031000;0;1;4;465276000;
01.01.2013;12;M5;0;0;0;0;41031000;0;1;5;764881600;
01.01.2013;12;M6;0;0;0;0;41031000;0;1;6;1442421300;
01.01.2013;12;M7;0;0;0;0;41031000;0;1;7;1028152400;
01.01.2013;12;M8;0;0;0;0;41031000;0;1;8;793378700;
01.01.2013;12;M9;0;0;0;0;41031000;0;1;9;1084555100;
01.01.2013;12;M10;0;0;0;0;41031000;0;1;10;1630775600;
01.01.2013;12;M11;0;0;0;0;41031000;0;1;11;1460075700;
01.01.2013;12;M12;0;0;0;0;41031000;0;1;12;759935100;
01.01.2013;2;M1;0;0;0;0;41030900;0;1;0;477091100;
01.01.2013;2;M2;0;0;0;0;41030900;0;1;0;444438200;
01.01.2013;2;M3;0;0;0;0;41030900;0;1;0;460812300;
01.01.2013;2;M4;0;0;0;0;41030900;0;1;0;465276000;
01.01.2013;2;M5;0;0;0;0;41030900;0;1;0;764881600;
01.01.2013;2;M6;0;0;0;0;41030900;0;1;0;1442421300;
01.01.2013;2;M7;0;0;0;0;41030900;0;1;0;1028152400;
01.01.2013;2;M8;0;0;0;0;41030900;0;1;0;2612720000;
01.01.2013;2;M9;0;0;0;0;41030900;0;1;0;2700300000;
01.01.2013;2;M10;0;0;0;0;41030900;0;1;0;2819490000;
01.01.2013;2;M11;0;0;0;0;41030900;0;1;0;2896110000;
01.01.2013;2;M12;0;0;0;0;41030900;0;1;0;2896110000;
01.01.2013;12;M1;0;0;0;0;41030900;0;1;1;2896110000;
01.01.2013;12;M2;0;0;0;0;41030900;0;1;2;2435870000;
01.01.2013;12;M3;0;0;0;0;41030900;0;1;3;2435860000;
01.01.2013;12;M4;0;0;0;0;41030900;0;1;4;2435860000;
01.01.2013;12;M5;0;0;0;0;41030900;0;1;5;2534750000;
01.01.2013;12;M6;0;0;0;0;41030900;0;1;6;2534750000;
01.01.2013;12;M7;0;0;0;0;41030900;0;1;7;2745560000;
01.01.2013;12;M8;0;0;0;0;41030900;0;1;8;2612720000;
01.01.2013;12;M9;0;0;0;0;41030900;0;1;9;2700300000;
01.01.2013;12;M10;0;0;0;0;41030900;0;1;10;2819490000;
01.01.2013;12;M11;0;0;0;0;41030900;0;1;11;2896110000;
01.01.2013;12;M12;0;0;0;0;41030900;0;1;12;2896110000;
01.01.2013;2;M1;0;0;0;0;41030800;0;1;0;2896110000;
01.01.2013;2;M2;0;0;0;0;41030800;0;1;0;2435870000;
01.01.2013;2;M3;0;0;0;0;41030800;0;1;0;2435860000;
01.01.2013;2;M4;0;0;0;0;41030800;0;1;0;2435860000;
01.01.2013;2;M5;0;0;0;0;41030800;0;1;0;2534750000;
01.01.2013;2;M6;0;0;0;0;41030800;0;1;0;2534750000;
01.01.2013;2;M7;0;0;0;0;41030800;0;1;0;2745560000;
01.01.2013;2;M8;0;0;0;0;41030800;0;1;0;9920000;
01.01.2013;2;M9;0;0;0;0;41030800;0;1;0;9920000;
01.01.2013;2;M10;0;0;0;0;41030800;0;1;0;9920000;
01.01.2013;2;M11;0;0;0;0;41030800;0;1;0;9920000;
01.01.2013;2;M12;0;0;0;0;41030800;0;1;0;9920000;
01.01.2013;12;M1;0;0;0;0;41030800;0;1;1;9920000;
01.01.2013;12;M2;0;0;0;0;41030800;0;1;2;9920000;
01.01.2013;12;M3;0;0;0;0;41030800;0;1;3;9920000;
01.01.2013;12;M4;0;0;0;0;41030800;0;1;4;9920000;
01.01.2013;12;M5;0;0;0;0;41030800;0;1;5;9920000;
01.01.2013;12;M6;0;0;0;0;41030800;0;1;6;9900000;
01.01.2013;12;M7;0;0;0;0;41030800;0;1;7;9920000;
01.01.2013;12;M8;0;0;0;0;41030800;0;1;8;9920000;
01.01.2013;12;M9;0;0;0;0;41030800;0;1;9;9920000;
01.01.2013;12;M10;0;0;0;0;41030800;0;1;10;9920000;
01.01.2013;12;M11;0;0;0;0;41030800;0;1;11;9920000;
01.01.2013;12;M12;0;0;0;0;41030800;0;1;12;9920000;
01.01.2013;2;M1;0;0;0;0;41030600;0;1;0;9920000;
01.01.2013;2;M2;0;0;0;0;41030600;0;1;0;9920000;
01.01.2013;2;M3;0;0;0;0;41030600;0;1;0;9920000;
01.01.2013;2;M4;0;0;0;0;41030600;0;1;0;9920000;
01.01.2013;2;M5;0;0;0;0;41030600;0;1;0;9900000;
01.01.2013;2;M6;0;0;0;0;41030600;0;1;0;49614000;
01.01.2013;2;M7;0;0;0;0;41030600;0;1;0;49614000;
01.01.2013;2;M8;0;0;0;0;41030600;0;1;0;49614000;
01.01.2013;2;M9;0;0;0;0;41030600;0;1;0;49614000;
01.01.2013;2;M10;0;0;0;0;41030600;0;1;0;49614000;
01.01.2013;2;M11;0;0;0;0;41030600;0;1;0;49614000;
01.01.2013;2;M12;0;0;0;0;41030600;0;1;0;49614000;
01.01.2013;12;M1;0;0;0;0;41030600;0;1;1;49614000;
01.01.2013;12;M2;0;0;0;0;41030600;0;1;2;49618000;
01.01.2013;12;M3;0;0;0;0;41030600;0;1;3;49614000;
01.01.2013;12;M4;0;0;0;0;41030600;0;1;4;49614000;
01.01.2013;12;M5;0;0;0;0;41030600;0;1;5;49614000;
01.01.2013;12;M6;0;0;0;0;41030600;0;1;6;49614000;
01.01.2013;12;M7;0;0;0;0;41030600;0;1;7;49614000;
01.01.2013;12;M8;0;0;0;0;41030600;0;1;8;49614000;
01.01.2013;12;M9;0;0;0;0;41030600;0;1;9;49614000;
01.01.2013;12;M10;0;0;0;0;41030600;0;1;10;49614000;
01.01.2013;12;M11;0;0;0;0;41030600;0;1;11;49618000;
01.01.2013;12;M12;0;0;0;0;41030600;0;1;12;1203660000;
01.01.2013;2;M2;0;0;0;0;41021000;0;1;0;2712900000;
01.01.2013;2;M3;0;0;0;0;41021000;0;1;0;1958280000;
01.01.2013;2;M4;0;0;0;0;41021000;0;1;0;1903890000;
01.01.2013;2;M5;0;0;0;0;41021000;0;1;0;1944690000;
01.01.2013;2;M6;0;0;0;0;41021000;0;1;0;1944690000;
01.01.2013;2;M7;0;0;0;0;41021000;0;1;0;1944690000;
01.01.2013;2;M8;0;0;0;0;41021000;0;1;0;1944690000;
01.01.2013;2;M9;0;0;0;0;41021000;0;1;0;1944690000;
01.01.2013;2;M10;0;0;0;0;41021000;0;1;0;1944690000;
01.01.2013;2;M11;0;0;0;0;41021000;0;1;0;1944690000;
01.01.2013;2;M12;0;0;0;0;41021000;0;1;0;1944690000;
01.01.2013;12;M2;0;0;0;0;41021000;0;1;2;1203660000;
01.01.2013;12;M3;0;0;0;0;41021000;0;1;3;2712900000;
01.01.2013;12;M4;0;0;0;0;41021000;0;1;4;1958280000;
01.01.2013;12;M5;0;0;0;0;41021000;0;1;5;1903890000;
01.01.2013;12;M6;0;0;0;0;41021000;0;1;6;1944690000;
01.01.2013;12;M7;0;0;0;0;41021000;0;1;7;1944690000;
01.01.2013;12;M8;0;0;0;0;41021000;0;1;8;1944690000;
01.01.2013;12;M9;0;0;0;0;41021000;0;1;9;1944690000;
01.01.2013;12;M10;0;0;0;0;41021000;0;1;10;1944690000;
01.01.2013;12;M11;0;0;0;0;41021000;0;1;11;1944690000;
01.01.2013;12;M12;0;0;0;0;41021000;0;1;12;1944690000;
01.01.2013;2;M4;0;0;0;0;41020600;0;1;0;1944690000;
01.01.2013;2;M5;0;0;0;0;41020600;0;1;0;81000;
01.01.2013;2;M6;0;0;0;0;41020600;0;1;0;610000;
01.01.2013;2;M7;0;0;0;0;41020600;0;1;0;52700;
01.01.2013;2;M8;0;0;0;0;41020600;0;1;0;4000000;
01.01.2013;2;M9;0;0;0;0;41020600;0;1;0;2000000;
01.01.2013;2;M10;0;0;0;0;41020600;0;1;0;2000000;
01.01.2013;2;M11;0;0;0;0;41020600;0;1;0;2000000;
01.01.2013;2;M12;0;0;0;0;41020600;0;1;0;6956300;
01.01.2013;12;M4;0;0;0;0;41020600;0;1;4;81000;
01.01.2013;12;M5;0;0;0;0;41020600;0;1;5;610000;
01.01.2013;12;M6;0;0;0;0;41020600;0;1;6;52700;
01.01.2013;12;M7;0;0;0;0;41020600;0;1;7;4000000;
01.01.2013;12;M8;0;0;0;0;41020600;0;1;8;2000000;
01.01.2013;12;M9;0;0;0;0;41020600;0;1;9;2000000;
01.01.2013;12;M10;0;0;0;0;41020600;0;1;10;2000000;
01.01.2013;12;M11;0;0;0;0;41020600;0;1;11;6956300;
01.01.2013;12;M12;0;0;0;0;41020600;0;1;12;7016000;
01.01.2013;2;M1;0;0;0;0;41020100;0;1;0;6465700;
01.01.2013;2;M2;0;0;0;0;41020100;0;1;0;11867400;
01.01.2013;2;M3;0;0;0;0;41020100;0;1;0;6218900;
01.01.2013;2;M4;0;0;0;0;41020100;0;1;0;4500300;
01.01.2013;2;M5;0;0;0;0;41020100;0;1;0;4665800;
01.01.2013;2;M6;0;0;0;0;41020100;0;1;0;1051000;
01.01.2013;2;M7;0;0;0;0;41020100;0;1;0;51900;
01.01.2013;2;M8;0;0;0;0;41020100;0;1;0;7016000;
01.01.2013;2;M9;0;0;0;0;41020100;0;1;0;6465700;
01.01.2013;2;M10;0;0;0;0;41020100;0;1;0;11867400;
01.01.2013;2;M11;0;0;0;0;41020100;0;1;0;6218900;
01.01.2013;2;M12;0;0;0;0;41020100;0;1;0;4500300;
01.01.2013;12;M1;0;0;0;0;41020100;0;1;1;4665800;
01.01.2013;12;M2;0;0;0;0;41020100;0;1;2;1051000;
01.01.2013;12;M3;0;0;0;0;41020100;0;1;3;51900;
01.01.2013;12;M4;0;0;0;0;41020100;0;1;4;11383300;
01.01.2013;12;M5;0;0;0;0;41020100;0;1;5;5169300;
01.01.2013;12;M6;0;0;0;0;41020100;0;1;6;14667900;
01.01.2013;12;M7;0;0;0;0;41020100;0;1;7;6561500;
01.01.2013;12;M8;0;0;0;0;41020100;0;1;8;14065500;
01.01.2013;12;M9;0;0;0;0;41020100;0;1;9;10559000;
01.01.2013;12;M10;0;0;0;0;41020100;0;1;10;6500000;
01.01.2013;12;M11;0;0;0;0;41020100;0;1;11;463200;
01.01.2013;12;M12;0;0;0;0;41020100;0;1;12;5000000;
01.01.2013;2;M2;0;0;0;0;31010200;0;1;0;5461400;
01.01.2013;2;M3;0;0;0;0;31010200;0;1;0;5000000;
01.01.2013;2;M4;0;0;0;0;31010200;0;1;0;2668900;
01.01.2013;2;M8;0;0;0;0;31010200;0;1;0;11383300;
01.01.2013;2;M9;0;0;0;0;31010200;0;1;0;5169300;
01.01.2013;2;M10;0;0;0;0;31010200;0;1;0;14667900;
01.01.2013;2;M11;0;0;0;0;31010200;0;1;0;6561500;
01.01.2013;2;M12;0;0;0;0;31010200;0;1;0;14065500;
01.01.2013;12;M2;0;0;0;0;31010200;0;1;2;10559000;
01.01.2013;12;M3;0;0;0;0;31010200;0;1;3;6500000;
01.01.2013;12;M4;0;0;0;0;31010200;0;1;4;463200;
01.01.2013;12;M8;0;0;0;0;31010200;0;1;8;5000000;
01.01.2013;12;M9;0;0;0;0;31010200;0;1;9;5461400;
01.01.2013;12;M10;0;0;0;0;31010200;0;1;10;5000000;
01.01.2013;12;M11;0;0;0;0;31010200;0;1;11;2668900;
01.01.2013;12;M12;0;0;0;0;31010200;0;1;12;1944690000;
01.01.2013;2;M1;0;0;0;0;24062200;0;1;0;1944690000;
01.01.2013;2;M2;0;0;0;0;24062200;0;1;0;1944690000;
01.01.2013;2;M3;0;0;0;0;24062200;0;1;0;1944690000;
01.01.2013;2;M4;0;0;0;0;24062200;0;1;0;1944690000;
01.01.2013;2;M5;0;0;0;0;24062200;0;1;0;81000;
01.01.2013;2;M6;0;0;0;0;24062200;0;1;0;610000;
01.01.2013;2;M7;0;0;0;0;24062200;0;1;0;52700;
01.01.2013;2;M11;0;0;0;0;24062200;0;1;0;4000000;
01.01.2013;12;M1;0;0;0;0;24062200;0;1;1;2000000;
01.01.2013;12;M2;0;0;0;0;24062200;0;1;2;2000000;
01.01.2013;12;M3;0;0;0;0;24062200;0;1;3;2000000;
01.01.2013;12;M4;0;0;0;0;24062200;0;1;4;6956300;
01.01.2013;12;M5;0;0;0;0;24062200;0;1;5;81000;
01.01.2013;12;M6;0;0;0;0;24062200;0;1;6;610000;
01.01.2013;12;M7;0;0;0;0;24062200;0;1;7;52700;
01.01.2013;12;M11;0;0;0;0;24062200;0;1;11;4000000;
01.01.2013;2;M1;0;0;0;0;24060300;0;1;0;2000000;
01.01.2013;2;M2;0;0;0;0;24060300;0;1;0;2000000;
01.01.2013;2;M3;0;0;0;0;24060300;0;1;0;2000000;
01.01.2013;2;M4;0;0;0;0;24060300;0;1;0;6956300;
01.01.2013;2;M5;0;0;0;0;24060300;0;1;0;7016000;
01.01.2013;2;M6;0;0;0;0;24060300;0;1;0;6465700;
01.01.2013;2;M7;0;0;0;0;24060300;0;1;0;11867400;
01.01.2013;2;M8;0;0;0;0;24060300;0;1;0;6218900;
01.01.2013;2;M9;0;0;0;0;24060300;0;1;0;4500300;
01.01.2013;2;M10;0;0;0;0;24060300;0;1;0;4665800;
01.01.2013;2;M11;0;0;0;0;24060300;0;1;0;1051000;
01.01.2013;2;M12;0;0;0;0;24060300;0;1;0;51900;
01.01.2013;12;M1;0;0;0;0;24060300;0;1;1;7016000;
01.01.2013;12;M2;0;0;0;0;24060300;0;1;2;6465700;
01.01.2013;12;M3;0;0;0;0;24060300;0;1;3;11867400;
01.01.2013;12;M4;0;0;0;0;24060300;0;1;4;6218900;
01.01.2013;12;M5;0;0;0;0;24060300;0;1;5;4500300;
01.01.2013;12;M6;0;0;0;0;24060300;0;1;6;4665800;
01.01.2013;12;M7;0;0;0;0;24060300;0;1;7;1051000;
01.01.2013;12;M8;0;0;0;0;24060300;0;1;8;51900;
01.01.2013;12;M9;0;0;0;0;24060300;0;1;9;11383300;
01.01.2013;12;M10;0;0;0;0;24060300;0;1;10;5169300;
01.01.2013;12;M11;0;0;0;0;24060300;0;1;11;14667900;
01.01.2013;12;M12;0;0;0;0;24060300;0;1;12;6561500;
